"STATION","DATE","LATITUDE","LONGITUDE","ELEVATION","NAME","CDSD","CDSD_ATTRIBUTES","CLDD","CLDD_ATTRIBUTES","DP01","DP01_ATTRIBUTES","DP10","DP10_ATTRIBUTES","DT00","DT00_ATTRIBUTES","DT32","DT32_ATTRIBUTES","DX32","DX32_ATTRIBUTES","DX70","DX70_ATTRIBUTES","DX90","DX90_ATTRIBUTES","EMNT","EMNT_ATTRIBUTES","EMXP","EMXP_ATTRIBUTES","EMXT","EMXT_ATTRIBUTES","FZF0","FZF0_ATTRIBUTES","FZF1","FZF1_ATTRIBUTES","FZF2","FZF2_ATTRIBUTES","FZF3","FZF3_ATTRIBUTES","FZF4","FZF4_ATTRIBUTES","FZF5","FZF5_ATTRIBUTES","FZF6","FZF6_ATTRIBUTES","FZF7","FZF7_ATTRIBUTES","FZF8","FZF8_ATTRIBUTES","FZF9","FZF9_ATTRIBUTES","HDSD","HDSD_ATTRIBUTES","HTDD","HTDD_ATTRIBUTES","PRCP","PRCP_ATTRIBUTES","TAVG","TAVG_ATTRIBUTES","TMAX","TMAX_ATTRIBUTES","TMIN","TMIN_ATTRIBUTES"
"EZE00100082","1775","50.0906","14.4192","191.0","PRAHA KLEMENTINUM, EZ","246.3","","246.3","E","","","","","0","E","53","E","14","E","97","E","0","E","-16.0","E,0126,","","","31.3","E,0806,","0.0","E,1117","-2.7","E,1203","-4.6","E,1216","-7.0","E,1221","-9.0","E,1222","-3.3","E,0415","-3.3","E,0415","-9.1","E,0207","-9.1","E,0207","-9.1","E,0207","","","","","","","10.55","E","13.64","E","7.46","E"
"EZE00100082","1776","50.0906","14.4192","191.0","PRAHA KLEMENTINUM, EZ","114.6","","114.6","E","","","","","10","E","79","E","45","E","78","E","1","E","-22.7","E,0128,","","","32.4","E,0816,","-4.2","E,1102","-4.2","E,1102","-4.7","E,1221","-8.5","E,1228","-10.8","E,1229","-0.4","E,0408","-3.7","E,0204","-13.3","E,0203","-13.3","E,0203","-13.3","E,0203","3481.8","","3481.8","E","","","8.53","E","11.72","E","5.34","E"
"EZE00100082","1777","50.0906","14.4192","191.0","PRAHA KLEMENTINUM, EZ","62.6","","62.6","E","","","","","0","E","84","E","38","E","58","E","0","E","-12.4","E,1224,","","","29.3","E,0719,","-1.3","E,1021","-4.4","E,1022","-4.4","E,1022","-12.4","E,1224","-12.4","E,1224","-0.2","E,0421","-2.3","E,0315","-5.2","E,0309","-7.9","E,0219","-9.2","E,0110","3628.0","","3628.0","E","","","8.67","E","11.76","E","5.58","E"
"EZE00100082","1778","50.0906","14.4192","191.0","PRAHA KLEMENTINUM, EZ","188.4","","188.4","E","","","","","0","E","76","E","9","E","70","E","0","E","-9.9","E,0127,","","","31.4","E,0814,","-0.4","E,1014","-2.6","E,1115","","","","","","","-0.8","E,0328","-2.7","E,0315","-6.8","E,0313","-6.8","E,0313","-9.9","E,0127","3330.2","","3330.2","E","","","9.91","E","13.17","E","6.65","E"
"EZE00100082","1779","50.0906","14.4192","191.0","PRAHA KLEMENTINUM, EZ","109.5","","109.5","E","","","","","0","E","75","E","22","E","86","E","0","E","-13.0","E,0109,","","","29.3","E,0721,","-0.3","E,1109","-2.2","E,1208","-8.6","E,1230","-8.6","E,1230","-10.2","E,1231","-0.2","E,0418","-2.6","E,0313","-4.7","E,0312","-8.0","E,0203","-11.8","E,0123","3216.0","","3216.0","E","","","10.23","E","13.64","E","6.82","E"
"EZE00100082","1780","50.0906","14.4192","191.0","PRAHA KLEMENTINUM, EZ","94.5","","94.5","E","","","","","0","E","94","E","44","E","65","E","0","E","-16.2","E,0201,","","","28.0","E,0723,","-0.9","E,1108","-2.7","E,1128","-5.5","E,1217","-8.7","E,1218","-10.4","E,1219","0.0","E,0409","-2.2","E,0408","-4.6","E,0227","-9.1","E,0219","-9.1","E,0219","3344.6","","3344.6","E","","","8.64","E","11.93","E","5.34","E"
"EZE00100082","1781","50.0906","14.4192","191.0","PRAHA KLEMENTINUM, EZ","310.3","","310.3","E","","","","","0","E","75","E","34","E","109","E","3","E","-12.7","E,0115,","","","34.4","E,0704,","-0.2","E,1103","-3.0","E,1124","-7.8","E,1209","-7.8","E,1209","-9.3","E,1210","-1.0","E,0402","-3.3","E,0330","-7.0","E,0225","-7.0","E,0225","-10.5","E,0121","3356.6","","3356.6","E","","","10.08","E","13.22","E","6.95","E"
"EZE00100082","1782","50.0906","14.4192","191.0","PRAHA KLEMENTINUM, EZ","211.7","","211.7","E","","","","","2","E","95","E","51","E","83","E","3","E","-18.8","E,0216,","","","35.6","E,0727,","-0.1","E,1010","-2.5","E,1118","-4.5","E,1122","-7.1","E,1130","-9.2","E,1218","0.0","E,0502","-3.8","E,0327","-7.0","E,0325","-7.0","E,0325","-10.1","E,0222","3494.6","","3494.6","E","","","8.84","E","11.91","E","5.77","E"
"EZE00100082","1783","50.0906","14.4192","191.0","PRAHA KLEMENTINUM, EZ","190.8","","190.8","E","","","","","2","E","82","E","38","E","97","E","1","E","-21.5","E,1231,","","","32.5","E,0804,","-3.0","E,1108","-3.0","E,1108","-4.4","E,1109","-7.1","E,1212","-9.8","E,1219","-0.1","E,0331","-3.1","E,0330","-6.7","E,0306","-6.7","E,0306","-11.0","E,0105","3359.6","","3359.6","E","","","9.98","E","13.12","E","6.84","E"
"EZE00100082","1784","50.0906","14.4192","191.0","PRAHA KLEMENTINUM, EZ","196.4","","196.4","E","","","","","9","E","111","E","58","E","92","E","0","E","-25.5","E,0105,","","","30.9","E,0805,","-1.0","E,1005","-2.7","E,1211","-4.7","E,1215","-8.0","E,1219","-9.8","E,1228","-0.5","E,0408","-3.9","E,0406","-6.6","E,0403","-8.4","E,0322","-10.2","E,0222","3906.3","","3906.3","E","","","8.16","E","11.46","E","4.87","E"
"EZE00100082","1785","50.0906","14.4192","191.0","PRAHA KLEMENTINUM, EZ","142.2","","142.2","E","","","","","4","E","118","E","61","E","77","E","0","E","-25.2","E,0228,","","","30.9","E,0805,+","-0.9","E,1029","-3.1","E,1115","-5.8","E,1119","-6.9","E,1224","-9.2","E,1230","-1.2","E,0408","-3.0","E,0406","-7.0","E,0402","-7.0","E,0402","-10.4","E,0330","3935.3","","3935.3","E","","","7.77","E","11.19","E","4.34","E"
"EZE00100082","1786","50.0906","14.4192","191.0","PRAHA KLEMENTINUM, EZ","30.9","","30.9","E","","","","","3","E","111","E","53","E","36","E","0","E","-21.1","E,0107,","","","26.5","E,0621,","-2.8","E,1025","-2.8","E,1025","-5.3","E,1029","-6.7","E,1108","-10.8","E,1112","-0.9","E,0411","-2.5","E,0315","-7.1","E,0312","-7.1","E,0312","-9.5","E,0310","3534.7","","3534.7","E","","","7.36","E","10.47","E","4.25","E"
"EZE00100082","1787","50.0906","14.4192","191.0","PRAHA KLEMENTINUM, EZ","235.0","","235.0","E","","","","","0","E","72","E","30","E","92","E","1","E","-10.8","E,0115,","","","32.2","E,0628,","-0.6","E,1121","-3.5","E,1126","-6.4","E,1127","","","","","-1.1","E,0421","-3.5","E,0323","-6.7","E,0226","-6.7","E,0226","-10.5","E,0116","4008.8","","4008.8","E","","","10.04","E","13.01","E","7.07","E"
"EZE00100082","1788","50.0906","14.4192","191.0","PRAHA KLEMENTINUM, EZ","261.2","","261.2","E","","","","","6","E","82","E","45","E","95","E","2","E","-23.8","E,1217,","","","33.4","E,0724,","-0.6","E,1117","-3.6","E,1124","-6.2","E,1125","-7.2","E,1126","-10.0","E,1201","-0.3","E,0318","-2.3","E,0316","-7.9","E,0220","-7.9","E,0220","","","2944.4","","2944.4","E","","","9.47","E","12.51","E","6.44","E"
"EZE00100082","1789","50.0906","14.4192","191.0","PRAHA KLEMENTINUM, EZ","223.1","","223.1","E","","","","","7","E","70","E","23","E","105","E","0","E","-27.2","E,0105,","","","31.7","E,0713,","-1.3","E,1124","-5.2","E,1126","-5.2","E,1126","","","","","-0.2","E,0401","-3.2","E,0331","-8.8","E,0313","-8.8","E,0313","-10.9","E,0312","3705.6","","3705.6","E","","","10.16","E","13.23","E","7.08","E"
"EZE00100082","1790","50.0906","14.4192","191.0","PRAHA KLEMENTINUM, EZ","151.6","","151.6","E","","","","","0","E","49","E","8","E","75","E","1","E","-6.2","E,0127,","","","32.2","E,0623,","0.0","E,1024","-3.0","E,1117","-5.5","E,1230","","","","","-0.4","E,0421","-2.2","E,0407","-4.4","E,0129","","","","","2897.9","","2897.9","E","","","10.17","E","13.26","E","7.09","E"
"EZE00100082","1791","50.0906","14.4192","191.0","PRAHA KLEMENTINUM, EZ","251.2","","251.2","E","","","","","0","E","45","E","6","E","97","E","3","E","-6.6","E,1107,","","","33.0","E,0802,+","-0.4","E,1029","-5.5","E,1106","-5.5","E,1106","","","","","-2.8","E,0212","-2.8","E,0212","-4.4","E,0206","","","","","2954.5","","2954.5","E","","","11.04","E","14.05","E","8.02","E"
"EZE00100082","1792","50.0906","14.4192","191.0","PRAHA KLEMENTINUM, EZ","223.4","","223.4","E","","","","","0","E","74","E","26","E","96","E","2","E","-17.6","E,0114,","","","33.3","E,0719,","-0.1","E,1113","-2.5","E,1121","-4.7","E,1124","-7.6","E,1231","","","-0.6","E,0314","-2.2","E,0313","-7.8","E,0303","-7.8","E,0303","-9.2","E,0302","3163.0","","3163.0","E","","","10.34","E","13.63","E","7.05","E"
"EZE00100082","1793","50.0906","14.4192","191.0","PRAHA KLEMENTINUM, EZ","235.8","","235.8","E","","","","","2","E","43","E","17","E","82","E","4","E","-21.6","E,0111,","","","37.0","E,0718,","-0.3","E,1103","-3.4","E,1203","-5.0","E,1204","-7.6","E,1206","","","-0.2","E,0408","-6.5","E,0329","-6.5","E,0329","-6.8","E,0328","-14.4","E,0119","3262.8","","3262.8","E","","","10.58","E","13.60","E","7.55","E"
"EZE00100082","1794","50.0906","14.4192","191.0","PRAHA KLEMENTINUM, EZ","241.2","","241.2","E","","","","","0","E","37","E","11","E","92","E","2","E","-9.9","E,1231,","","","32.5","E,0723,","-1.2","E,1118","-3.8","E,1121","-6.4","E,1218","-7.6","E,1220","-9.1","E,1224","-0.6","E,0310","-2.3","E,0208","-5.2","E,0123","","","","","2481.8","","2481.8","E","","","11.53","E","14.56","E","8.49","E"
"EZE00100082","1795","50.0906","14.4192","191.0","PRAHA KLEMENTINUM, EZ","165.1","","165.1","E","","","","","4","E","72","E","30","E","92","E","0","E","-22.6","E,0104,","","","31.1","E,0611,","-1.4","E,1116","-2.8","E,1117","","","","","","","-0.1","E,0316","-5.2","E,0315","-5.2","E,0315","-7.5","E,0220","-15.3","E,0127","3374.9","","3374.9","E","","","10.01","E","13.29","E","6.74","E"
"EZE00100082","1796","50.0906","14.4192","191.0","PRAHA KLEMENTINUM, EZ","168.0","","168.0","E","","","","","0","E","69","E","17","E","98","E","0","E","-15.7","E,0306,","","","31.0","E,0731,","-0.7","E,1112","-2.4","E,1130","-6.5","E,1203","-8.6","E,1204","-10.6","E,1217","-0.1","E,0406","-3.8","E,0329","-5.4","E,0315","-8.4","E,0308","-12.3","E,0307","2969.4","","2969.4","E","","","10.15","E","13.38","E","6.91","E"
"EZE00100082","1797","50.0906","14.4192","191.0","PRAHA KLEMENTINUM, EZ","263.1","","263.1","E","","","","","0","E","60","E","10","E","108","E","0","E","-6.4","E,0321,+","","","31.9","E,0812,","-3.6","E,1120","-3.6","E,1120","-4.7","E,1121","","","","","-2.1","E,0322","-6.4","E,0321","-6.4","E,0321","","","","","2998.8","","2998.8","E","","","11.08","E","14.38","E","7.78","E"
"EZE00100082","1798","50.0906","14.4192","191.0","PRAHA KLEMENTINUM, EZ","372.9","","372.9","E","","","","","4","E","79","E","28","E","117","E","0","E","-22.1","E,1227,","","","31.5","E,0814,+","-0.4","E,1029","-3.9","E,1119","-8.7","E,1121","-8.7","E,1121","-13.4","E,1122","-1.5","E,0412","-4.7","E,0314","-4.7","E,0314","-7.6","E,0222","","","2921.8","","2921.8","E","","","10.67","E","13.98","E","7.36","E"
"EZE00100082","1799","50.0906","14.4192","191.0","PRAHA KLEMENTINUM, EZ","138.3","","138.3","E","","","","","16","E","103","E","61","E","66","E","0","E","-24.8","E,0113,","","","31.8","E,0807,","-0.4","E,1123","-2.2","E,1124","-4.9","E,1218","-10.7","E,1219","-10.7","E,1219","-0.2","E,0407","-3.8","E,0405","-6.1","E,0331","-10.8","E,0215","-10.8","E,0215","3908.3","","3908.3","E","","","7.71","E","10.97","E","4.45","E"
"EZE00100082","1800","50.0906","14.4192","191.0","PRAHA KLEMENTINUM, EZ","186.4","","186.4","E","","","","","0","E","86","E","38","E","93","E","1","E","-13.5","E,0101,","","","32.3","E,0818,","-1.1","E,1025","-3.5","E,1218","-5.6","E,1219","-8.3","E,1221","","","-2.3","E,0328","-2.3","E,0328","-7.8","E,0323","-7.8","E,0323","-11.0","E,0313","3495.1","","3495.1","E","","","9.95","E","12.90","E","6.99","E"
"EZE00100082","1801","50.0906","14.4192","191.0","PRAHA KLEMENTINUM, EZ","179.8","","179.8","E","","","","","0","E","56","E","14","E","100","E","1","E","-13.2","E,0211,","","","33.7","E,0708,","-0.4","E,1205","-3.0","E,1218","-4.7","E,1220","-10.6","E,1221","-10.6","E,1221","-2.5","E,0311","-2.5","E,0311","-6.5","E,0220","-9.9","E,0212","-9.9","E,0212","3021.7","","3021.7","E","","","10.93","E","13.98","E","7.89","E"
"EZE00100082","1802","50.0906","14.4192","191.0","PRAHA KLEMENTINUM, EZ","224.5","","224.5","E","","","","","0","E","67","E","22","E","90","E","7","E","-17.5","E,0116,","","","34.7","E,0810,","-0.7","E,1208","-3.5","E,1221","","","","","","","-0.5","E,0416","-3.6","E,0317","-7.1","E,0220","-7.1","E,0220","-17.2","E,0117","3137.3","","3137.3","E","","","10.18","E","13.60","E","6.76","E"
"EZE00100082","1803","50.0906","14.4192","191.0","PRAHA KLEMENTINUM, EZ","162.7","","162.7","E","","","","","0","E","85","E","46","E","78","E","0","E","-16.1","E,0208,","","","31.9","E,0803,","-2.6","E,1102","-2.6","E,1102","-5.2","E,1201","-9.0","E,1219","-9.0","E,1219","-0.6","E,0325","-6.8","E,0314","-6.8","E,0314","-6.8","E,0314","-11.5","E,0212","3223.0","","3223.0","E","","","9.28","E","12.42","E","6.13","E"
"EZE00100082","1804","50.0906","14.4192","191.0","PRAHA KLEMENTINUM, EZ","217.6","","217.6","E","","","","","1","E","95","E","40","E","96","E","0","E","-18.4","E,1231,","","","31.5","E,0805,","-0.2","E,1103","-5.2","E,1105","-5.2","E,1105","-8.1","E,1204","-10.9","E,1205","-0.6","E,0326","-7.6","E,0323","-7.6","E,0323","-7.6","E,0323","-9.4","E,0111","3267.2","","3267.2","E","","","9.65","E","12.77","E","6.54","E"
"EZE00100082","1805","50.0906","14.4192","191.0","PRAHA KLEMENTINUM, EZ","82.9","","82.9","E","136","E","51","E","2","E","113","E","38","E","70","E","0","E","-20.8","E,0202,","21.5",",E,0419,","29.1","E,0729,","-1.0","E,1023","-2.2","E,1101","-4.5","E,1114","-6.7","E,1214","-9.0","E,1217","-0.7","E,0410","-4.3","E,0403","-4.5","E,0402","-9.1","E,0219","-9.1","E,0219","3815.3","","3815.3","E","431.7",",E","7.97","E","11.13","E","4.80","E"
"EZE00100082","1806","50.0906","14.4192","191.0","PRAHA KLEMENTINUM, EZ","165.2","","165.2","E","","","","","0","E","36","E","2","E","94","E","0","E","-7.1","E,0306,","","","29.0","E,0611,","-0.1","E,1112","","","","","","","","","0.0","E,0403","-2.2","E,0311","-7.1","E,0306","-7.1","E,0306","","","3245.9","","3245.9","E","","","10.97","E","14.14","E","7.79","E"
"EZE00100082","1807","50.0906","14.4192","191.0","PRAHA KLEMENTINUM, EZ","360.5","","360.5","E","121","E","51","E","0","E","78","E","10","E","106","E","9","E","-6.8","E,0203,","39.8",",E,0618,","34.2","E,0824,","-0.4","E,1101","-2.5","E,1209","-5.2","E,1210","","","","","0.0","E,0424","-2.5","E,0326","-5.8","E,0317","-6.8","E,0203","","","3016.1","","3016.1","E","534.1",",E","10.71","E","14.01","E","7.41","E"
"EZE00100082","1808","50.0906","14.4192","191.0","PRAHA KLEMENTINUM, EZ","261.9","","261.9","E","122","E","42","E","4","E","118","E","40","E","114","E","3","E","-19.6","E,1215,","45.1",",E,0627,","34.1","E,0807,","-0.3","E,1106","-2.5","E,1113","-4.4","E,1130","-8.7","E,1210","-11.0","E,1211","-0.1","E,0410","-3.7","E,0404","-6.4","E,0403","-7.5","E,0328","-9.1","E,0311","3340.1","","3340.1","E","439.6",",E","9.04","E","12.42","E","5.67","E"
"EZE00100082","1809","50.0906","14.4192","191.0","PRAHA KLEMENTINUM, EZ","225.1","","225.1","E","133","E","39","E","1","E","69","E","19","E","101","E","0","E","-19.4","E,0106,","32.7",",E,0428,","31.2","E,0602,","-1.7","E,1119","-3.8","E,1120","","","","","","","-0.2","E,0413","-3.1","E,0409","-4.6","E,0406","-8.7","E,0225","-9.9","E,0121","3539.9","","3539.9","E","402.9",",E","9.82","E","13.04","E","6.60","E"
"EZE00100082","1810","50.0906","14.4192","191.0","PRAHA KLEMENTINUM, EZ","183.6","","183.6","E","126","E","58","E","0","E","80","E","36","E","99","E","0","E","-17.6","E,0115,","29.0",",E,0711,","30.1","E,0904,+","-1.6","E,1016","-2.6","E,1114","-4.4","E,1115","-7.8","E,1231","","","-0.2","E,0416","-2.6","E,0328","-9.0","E,0224","-9.0","E,0224","-9.0","E,0224","3479.0","","3479.0","E","461.9",",E","9.51","E","12.99","E","6.03","E"
"EZE00100082","1811","50.0906","14.4192","191.0","PRAHA KLEMENTINUM, EZ","400.8","","400.8","E","115","E","45","E","2","E","74","E","33","E","117","E","3","E","-21.4","E,0108,","29.7",",E,0805,","33.3","E,0720,","-2.1","E,1122","-3.4","E,1123","-6.5","E,1231","","","","","-0.2","E,0328","-3.1","E,0224","-5.3","E,0223","-7.1","E,0222","-12.0","E,0219","3123.5","","3123.5","E","486.9",",E","11.06","E","14.43","E","7.69","E"
"EZE00100082","1812","50.0906","14.4192","191.0","PRAHA KLEMENTINUM, EZ","117.8","","117.8","E","160","E","69","E","1","E","113","E","57","E","80","E","0","E","-18.4","E,1219,","30.3",",E,1119,","29.8","E,0826,","-0.9","E,1111","-5.5","E,1122","-5.5","E,1122","-7.7","E,1124","-12.3","E,1212","-0.2","E,0420","-4.0","E,0411","-4.7","E,0409","-9.5","E,0204","-9.5","E,0204","3283.8","","3283.8","E","606.4",",E","8.46","E","11.66","E","5.26","E"
"EZE00100082","1813","50.0906","14.4192","191.0","PRAHA KLEMENTINUM, EZ","81.9","","81.9","E","134","E","51","E","0","E","74","E","36","E","71","E","0","E","-13.5","E,0125,","19.4",",E,0827,","27.8","E,0813,+","-1.3","E,1120","-2.7","E,1121","-4.6","E,1215","-6.7","E,1216","","","-0.8","E,0318","-3.8","E,0317","-4.7","E,0315","-7.7","E,0312","-8.9","E,0126","3454.6","","3454.6","E","456.9",",E","9.39","E","12.47","E","6.32","E"
"EZE00100082","1814","50.0906","14.4192","191.0","PRAHA KLEMENTINUM, EZ","98.2","","98.2","E","117","E","54","E","2","E","85","E","45","E","65","E","0","E","-18.1","E,0112,","36.6",",E,0627,","29.5","E,0711,","-0.1","E,1119","-5.1","E,1223","-5.1","E,1223","-8.0","E,1224","","","-2.2","E,0322","-2.2","E,0322","-6.1","E,0318","-9.1","E,0306","-9.1","E,0306","3802.5","","3802.5","E","498.4",",E","8.23","E","11.38","E","5.08","E"
"EZE00100082","1815","50.0906","14.4192","191.0","PRAHA KLEMENTINUM, EZ","64.3","","64.3","E","154","E","50","E","0","E","75","E","32","E","68","E","0","E","-14.4","E,0124,","53.1",",E,0613,","29.4","E,0719,","-0.4","E,1120","-3.3","E,1126","-4.7","E,1127","-8.0","E,1130","-11.7","E,1207","-0.5","E,0418","-2.3","E,0320","-5.4","E,0128","-14.4","E,0124","-14.4","E,0124","3185.5","","3185.5","E","569.1",",E","9.37","E","12.49","E","6.25","E"
"EZE00100082","1816","50.0906","14.4192","191.0","PRAHA KLEMENTINUM, EZ","53.3","","53.3","E","173","E","58","E","0","E","75","E","26","E","58","E","0","E","-14.0","E,0212,","23.9",",E,0619,","27.2","E,0814,","-0.6","E,1026","-2.4","E,1118","-4.6","E,1119","-8.1","E,1122","","","0.0","E,0417","-2.8","E,0329","-5.1","E,0301","-7.3","E,0218","-14.0","E,0212","3524.3","","3524.3","E","496.6",",E","8.84","E","11.76","E","5.92","E"
"EZE00100082","1817","50.0906","14.4192","191.0","PRAHA KLEMENTINUM, EZ","113.8","","113.8","E","166","E","59","E","0","E","38","E","9","E","81","E","0","E","-8.1","E,1230,+","31.3",",E,0623,","28.7","E,0614,","0.0","E,1107","-4.0","E,1225","-5.2","E,1226","-8.1","E,1229","","","-0.3","E,0428","-2.8","E,0212","-6.9","E,0113","-6.9","E,0113","","","3402.0","","3402.0","E","547.9",",E","9.75","E","12.68","E","6.82","E"
"EZE00100082","1818","50.0906","14.4192","191.0","PRAHA KLEMENTINUM, EZ","113.6","","113.6","E","135","E","42","E","0","E","68","E","21","E","73","E","0","E","-10.9","E,1227,","29.0",",E,0514,","29.9","E,0726,","-0.3","E,1110","-2.9","E,1111","-4.6","E,1112","-8.1","E,1215","-9.2","E,1226","-2.0","E,0404","-4.7","E,0220","-4.7","E,0220","-6.8","E,0101","","","3117.6","","3117.6","E","438.4",",E","9.96","E","12.90","E","7.02","E"
"EZE00100082","1819","50.0906","14.4192","191.0","PRAHA KLEMENTINUM, EZ","172.2","","172.2","E","159","E","52","E","0","E","55","E","18","E","100","E","2","E","-9.7","E,1208,","24.7",",E,0821,+","33.5","E,0708,","-1.3","E,1126","-2.8","E,1127","-6.5","E,1130","-9.5","E,1207","-9.5","E,1207","-0.4","E,0309","-3.4","E,0204","-5.6","E,0109","","","","","3146.5","","3146.5","E","521.8",",E","10.22","E","13.15","E","7.29","E"
"EZE00100082","1820","50.0906","14.4192","191.0","PRAHA KLEMENTINUM, EZ","151.8","","151.8","E","148","E","45","E","2","E","83","E","37","E","71","E","0","E","-24.0","E,0116,","38.3",",E,0521,","30.4","E,0819,","-0.7","E,1113","-3.0","E,1216","-5.0","E,1220","-7.7","E,1223","-9.4","E,1224","-2.4","E,0320","-2.4","E,0320","-4.5","E,0228","-13.9","E,0118","-13.9","E,0118","3478.3","","3478.3","E","399.5",",E","9.02","E","12.02","E","6.01","E"
"EZE00100082","1821","50.0906","14.4192","191.0","PRAHA KLEMENTINUM, EZ","49.5","","49.5","E","161","E","55","E","0","E","66","E","20","E","60","E","0","E","-13.0","E,0306,","27.7",",E,0807,","26.4","E,0721,","-1.4","E,1109","-3.0","E,1111","","","","","","","-1.1","E,0326","-11.1","E,0307","-11.1","E,0307","-11.1","E,0307","-11.1","E,0307","3429.8","","3429.8","E","498.4",",E","9.73","E","12.69","E","6.78","E"
"EZE00100082","1822","50.0906","14.4192","191.0","PRAHA KLEMENTINUM, EZ","155.9","","155.9","E","122","E","49","E","0","E","49","E","19","E","106","E","0","E","-15.8","E,1231,","35.6",",E,0927,","30.6","E,0725,","-1.0","E,1111","-3.0","E,1112","-5.2","E,1113","-6.8","E,1215","-8.9","E,1219","-0.3","E,0312","-2.3","E,0216","-5.0","E,0214","","","","","2742.9","","2742.9","E","403.2",",E","10.77","E","14.17","E","7.38","E"
"EZE00100082","1823","50.0906","14.4192","191.0","PRAHA KLEMENTINUM, EZ","151.7","","151.7","E","148","E","46","E","5","E","67","E","35","E","82","E","0","E","-23.1","E,0123,","19.1",",E,0714,","30.4","E,0714,","-1.0","E,1110","-5.9","E,1217","-5.9","E,1217","-8.9","E,1218","-8.9","E,1218","-0.4","E,0414","-2.3","E,0215","-5.0","E,0129","-8.1","E,0128","-12.0","E,0127","3441.8","","3441.8","E","443.8",",E","9.55","E","12.52","E","6.58","E"
"EZE00100082","1824","50.0906","14.4192","191.0","PRAHA KLEMENTINUM, EZ","121.1","","121.1","E","171","E","49","E","0","E","41","E","11","E","89","E","0","E","-8.2","E,0107,","38.0",",E,0622,","29.7","E,0812,","0.0","E,1217","","","","","","","","","-0.2","E,0402","-3.7","E,0305","-4.5","E,0204","-7.7","E,0117","","","3172.9","","3172.9","E","514.9",",E","10.41","E","13.44","E","7.39","E"
"EZE00100082","1825","50.0906","14.4192","191.0","PRAHA KLEMENTINUM, EZ","143.1","","143.1","E","156","E","32","E","0","E","51","E","13","E","90","E","0","E","-9.0","E,0228,","30.0",",E,0528,","30.5","E,0805,","-0.1","E,1119","","","","","","","","","-0.4","E,0324","-3.9","E,0322","-6.7","E,0320","-6.7","E,0320","-9.0","E,0228","2977.1","","2977.1","E","353.3",",E","10.31","E","13.52","E","7.11","E"
"EZE00100082","1826","50.0906","14.4192","191.0","PRAHA KLEMENTINUM, EZ","309.1","","309.1","E","110","E","43","E","1","E","71","E","38","E","99","E","1","E","-17.8","E,0122,","17.8",",E,0703,","32.2","E,0804,","-1.9","E,1111","","","","","","","","","-1.5","E,0317","-2.3","E,0218","-9.2","E,0216","-9.2","E,0216","-9.2","E,0216","3307.2","","3307.2","E","310.0",",E","9.75","E","12.80","E","6.70","E"
"EZE00100082","1827","50.0906","14.4192","191.0","PRAHA KLEMENTINUM, EZ","241.8","","241.8","E","117","E","60","E","5","E","78","E","47","E","106","E","1","E","-22.1","E,0218,","26.6",",E,0827,+","33.6","E,0703,","-0.1","E,1113","-2.7","E,1122","-5.2","E,1128","-8.8","E,1129","-10.5","E,1130","-1.8","E,0317","-13.5","E,0227","-13.5","E,0227","-13.5","E,0227","-13.5","E,0227","3238.9","","3238.9","E","510.8",",E","9.68","E","13.37","E","5.98","E"
"EZE00100082","1828","50.0906","14.4192","191.0","PRAHA KLEMENTINUM, EZ","150.8","","150.8","E","146","E","68","E","0","E","57","E","27","E","88","E","2","E","-15.7","E,0118,+","33.8",",E,0720,","33.6","E,0709,","-1.9","E,1104","-3.0","E,1105","-6.5","E,1202","-8.9","E,1203","-8.9","E,1203","-4.9","E,0405","-4.9","E,0405","-4.9","E,0405","-7.8","E,0308","-10.9","E,0212","3260.9","","3260.9","E","665.4",",E","9.94","E","13.25","E","6.62","E"
"EZE00100082","1829","50.0906","14.4192","191.0","PRAHA KLEMENTINUM, EZ","130.3","","130.3","E","127","E","59","E","8","E","134","E","73","E","66","E","1","E","-24.3","E,0213,","69.8",",E,0610,","32.5","E,0716,","0.0","E,1021","-3.6","E,1114","-4.5","E,1115","-6.9","E,1120","-11.1","E,1202","-0.4","E,0328","-3.5","E,0325","-4.6","E,0316","-7.0","E,0306","-9.6","E,0221","3638.1","","3638.1","E","622.4",",E","7.33","E","10.77","E","3.88","E"
"EZE00100082","1830","50.0906","14.4192","191.0","PRAHA KLEMENTINUM, EZ","204.4","","204.4","E","114","E","50","E","10","E","78","E","39","E","85","E","3","E","-27.5","E,0131,","48.9",",E,0719,","35.7","E,0805,","-1.1","E,1214","-3.4","E,1219","-8.6","E,1226","-8.6","E,1226","","","-0.4","E,0311","-3.7","E,0310","-5.8","E,0304","-8.1","E,0215","-9.5","E,0208","3931.1","","3931.1","E","494.3",",E","9.20","E","12.59","E","5.81","E"
"EZE00100082","1831","50.0906","14.4192","191.0","PRAHA KLEMENTINUM, EZ","134.1","","134.1","E","135","E","72","E","3","E","61","E","33","E","88","E","0","E","-21.0","E,0202,","38.1",",E,0404,","29.6","E,0715,","-7.0","E,1127","-7.0","E,1127","-7.0","E,1127","-7.0","E,1127","-9.9","E,1128","-0.6","E,0325","-4.9","E,0324","-4.9","E,0324","-7.6","E,0204","-11.3","E,0203","3348.2","","3348.2","E","625.7",",E","9.66","E","12.88","E","6.44","E"
"EZE00100082","1832","50.0906","14.4192","191.0","PRAHA KLEMENTINUM, EZ","133.2","","133.2","E","98","E","45","E","0","E","88","E","26","E","83","E","1","E","-11.0","E,0103,","22.4",",E,0111,","34.8","E,0714,","-1.1","E,1026","-3.4","E,1123","-6.5","E,1214","-7.4","E,1215","","","-0.2","E,0410","-2.8","E,0306","-4.6","E,0305","-9.4","E,0104","-9.4","E,0104","3285.3","","3285.3","E","341.2",",E","9.40","E","12.82","E","5.97","E"
"EZE00100082","1833","50.0906","14.4192","191.0","PRAHA KLEMENTINUM, EZ","130.9","","130.9","E","117","E","67","E","0","E","61","E","23","E","76","E","0","E","-13.8","E,0113,","33.1",",E,0604,","32.0","E,0630,","-0.7","E,1111","-2.6","E,1112","","","","","","","-1.4","E,0410","-5.6","E,0321","-5.6","E,0321","-10.1","E,0126","-10.1","E,0126","3302.0","","3302.0","E","603.1",",E","9.87","E","13.09","E","6.65","E"
"EZE00100082","1834","50.0906","14.4192","191.0","PRAHA KLEMENTINUM, EZ","431.7","","431.7","E","94","E","43","E","0","E","70","E","7","E","132","E","8","E","-8.4","E,0211,","16.7",",E,0628,","33.1","E,0731,+","-1.5","E,1112","-3.1","E,1113","-5.3","E,1114","","","","","-0.8","E,0327","-3.9","E,0318","-7.6","E,0213","-7.6","E,0213","","","3034.2","","3034.2","E","310.3",",E","11.26","E","15.04","E","7.47","E"
"EZE00100082","1835","50.0906","14.4192","191.0","PRAHA KLEMENTINUM, EZ","202.9","","202.9","E","90","E","42","E","0","E","79","E","23","E","94","E","0","E","-12.6","E,1222,","25.5",",E,0816,","31.6","E,0705,","-1.6","E,1104","-3.6","E,1105","-6.7","E,1106","-6.7","E,1106","-9.1","E,1211","-0.9","E,0330","-5.0","E,0219","-5.0","E,0219","-6.7","E,0217","","","3087.8","","3087.8","E","355.0",",E","9.60","E","13.07","E","6.14","E"
"EZE00100082","1836","50.0906","14.4192","191.0","PRAHA KLEMENTINUM, EZ","117.2","","117.2","E","123","E","61","E","0","E","69","E","22","E","85","E","0","E","-14.5","E,0109,","56.2",",E,0528,","31.1","E,0730,","-0.3","E,1030","-3.5","E,1101","-5.2","E,1229","-10.5","E,1230","-10.5","E,1230","-0.3","E,0302","-3.1","E,0227","-9.3","E,0224","-9.3","E,0224","-9.3","E,0224","3532.4","","3532.4","E","561.6",",E","9.62","E","13.07","E","6.16","E"
"EZE00100082","1837","50.0906","14.4192","191.0","PRAHA KLEMENTINUM, EZ","134.2","","134.2","E","131","E","72","E","0","E","95","E","35","E","61","E","0","E","-12.1","E,0209,+","37.2",",E,1220,","30.3","E,0812,","-0.6","E,1201","-2.5","E,1211","-6.5","E,1214","-8.3","E,1215","-9.1","E,1218","-0.5","E,0415","-3.1","E,0402","-5.6","E,0324","-8.8","E,0307","-10.5","E,0212","3549.3","","3549.3","E","634.9",",E","8.23","E","11.30","E","5.16","E"
"EZE00100082","1838","50.0906","14.4192","191.0","PRAHA KLEMENTINUM, EZ","84.1","","84.1","E","128","E","63","E","8","E","107","E","73","E","66","E","1","E","-22.0","E,0122,","32.0",",E,0619,","34.4","E,0715,","-0.1","E,1015","-2.3","E,1121","-5.4","E,1124","-7.7","E,1125","-9.5","E,1126","-3.1","E,0404","-3.1","E,0404","-5.0","E,0224","-10.7","E,0223","-10.7","E,0223","4155.3","","4155.3","E","541.7",",E","7.00","E","10.35","E","3.65","E"
"EZE00100082","1839","50.0906","14.4192","191.0","PRAHA KLEMENTINUM, EZ","133.8","","133.8","E","129","E","61","E","0","E","93","E","27","E","77","E","0","E","-10.1","E,0129,","37.9",",E,0528,","30.9","E,0725,","-1.5","E,1030","-4.4","E,1203","-4.4","E,1203","-6.7","E,1204","-9.0","E,1219","-0.7","E,0416","-2.2","E,0410","-5.7","E,0406","-6.7","E,0316","-9.5","E,0315","3788.7","","3788.7","E","598.5",",E","9.11","E","12.30","E","5.92","E"
"EZE00100082","1840","50.0906","14.4192","191.0","PRAHA KLEMENTINUM, EZ","38.1","","38.1","E","119","E","48","E","11","E","102","E","52","E","65","E","0","E","-21.5","E,1215,","28.8",",E,0725,","28.2","E,0616,","-0.7","E,1121","-2.4","E,1126","-4.9","E,1205","-16.3","E,1213","-16.3","E,1213","-0.2","E,0404","-2.3","E,0328","-5.2","E,0327","-6.8","E,0323","-9.9","E,0312","3586.6","","3586.6","E","395.2",",E","7.53","E","11.09","E","3.96","E"
"EZE00100082","1841","50.0906","14.4192","191.0","PRAHA KLEMENTINUM, EZ","131.9","","131.9","E","125","E","50","E","5","E","79","E","40","E","100","E","1","E","-21.3","E,0204,","43.0",",E,0608,","35.1","E,0718,","-0.6","E,1105","-2.2","E,1231","","","","","","","-0.6","E,0314","-2.9","E,0305","-9.5","E,0303","-9.5","E,0303","-9.5","E,0303","3856.5","","3856.5","E","490.6",",E","9.49","E","13.10","E","5.88","E"
"EZE00100082","1842","50.0906","14.4192","191.0","PRAHA KLEMENTINUM, EZ","175.9","","175.9","E","112","E","34","E","0","E","106","E","51","E","93","E","1","E","-15.6","E,0210,","13.8",",E,0608,","32.3","E,0705,","-0.5","E,1023","-4.0","E,1105","-6.8","E,1106","-6.8","E,1106","","","-0.2","E,0417","-2.3","E,0410","-5.0","E,0409","-7.9","E,0219","-14.2","E,0214","3423.4","","3423.4","E","255.3",",E","8.52","E","12.00","E","5.04","E"
"EZE00100082","1843","50.0906","14.4192","191.0","PRAHA KLEMENTINUM, EZ","78.4","","78.4","E","148","E","61","E","0","E","55","E","14","E","60","E","0","E","-7.5","E,0105,+","16.4",",E,0710,+","28.9","E,0707,","0.0","E,1111","-2.5","E,1115","","","","","","","0.0","E,0413","-2.9","E,0321","-5.8","E,0305","-6.9","E,0304","","","3437.4","","3437.4","E","464.4",",E","9.51","E","12.76","E","6.25","E"
"EZE00100082","1844","50.0906","14.4192","191.0","PRAHA KLEMENTINUM, EZ","28.4","","28.4","E","148","E","67","E","0","E","100","E","40","E","38","E","0","E","-11.6","E,1227,+","38.3",",E,0530,","29.5","E,0625,","-0.6","E,1130","-5.7","E,1203","-5.7","E,1203","-7.3","E,1204","-9.9","E,1206","0.0","E,0408","-3.7","E,0324","-7.3","E,0322","-7.3","E,0322","-9.9","E,0124","3458.5","","3458.5","E","600.8",",E","8.27","E","11.30","E","5.24","E"
"EZE00100082","1845","50.0906","14.4192","191.0","PRAHA KLEMENTINUM, EZ","125.4","","125.4","E","130","E","51","E","2","E","89","E","45","E","65","E","1","E","-20.7","E,0212,","29.8",",E,0524,","35.0","E,0708,","-1.1","E,1103","-3.8","E,1104","-5.8","E,1213","-8.5","E,1215","","","-0.2","E,0406","-3.0","E,0326","-11.5","E,0323","-11.5","E,0323","-11.5","E,0323","3979.6","","3979.6","E","444.5",",E","8.28","E","11.51","E","5.05","E"
"EZE00100082","1846","50.0906","14.4192","191.0","PRAHA KLEMENTINUM, EZ","212.4","","212.4","E","126","E","58","E","0","E","74","E","33","E","101","E","0","E","-16.2","E,1219,","23.1",",E,0921,","30.9","E,0807,+","-0.3","E,1102","-2.6","E,1111","-6.3","E,1118","-7.5","E,1119","-10.0","E,1213","-0.1","E,0321","-6.3","E,0219","-6.3","E,0219","-7.3","E,0129","-8.9","E,0128","3117.4","","3117.4","E","475.6",",E","10.07","E","13.43","E","6.71","E"
"EZE00100082","1847","50.0906","14.4192","191.0","PRAHA KLEMENTINUM, EZ","99.6","","99.6","E","126","E","51","E","0","E","98","E","48","E","75","E","0","E","-14.3","E,0113,","45.0",",E,0620,","30.8","E,0525,","-1.1","E,1103","-3.2","E,1120","-7.5","E,1218","-7.5","E,1218","","","-0.3","E,0412","-3.8","E,0313","-11.7","E,0312","-11.7","E,0312","-11.7","E,0312","3707.1","","3707.1","E","590.3",",E","8.13","E","11.23","E","5.02","E"
"EZE00100082","1848","50.0906","14.4192","191.0","PRAHA KLEMENTINUM, EZ","128.2","","128.2","E","127","E","47","E","3","E","75","E","47","E","86","E","0","E","-19.1","E,0107,","27.6",",E,0708,","31.3","E,0724,","-1.2","E,1112","-2.3","E,1115","-10.6","E,1220","-10.6","E,1220","-10.6","E,1220","-0.1","E,0318","-3.4","E,0308","-9.1","E,0205","-9.1","E,0205","-9.1","E,0205","3602.2","","3602.2","E","434.3",",E","9.08","E","12.55","E","5.60","E"
"EZE00100082","1849","50.0906","14.4192","191.0","PRAHA KLEMENTINUM, EZ","69.9","","69.9","E","135","E","44","E","5","E","89","E","41","E","59","E","0","E","-26.5","E,0109,","27.2",",E,0508,","30.7","E,0606,","-0.2","E,1031","-2.5","E,1119","-4.7","E,1120","-15.5","E,1126","-15.5","E,1126","-0.4","E,0420","-2.5","E,0325","-8.5","E,0320","-8.5","E,0320","-24.5","E,0113","3518.0","","3518.0","E","424.5",",E","8.38","E","11.80","E","4.96","E"
"EZE00100082","1850","50.0906","14.4192","191.0","PRAHA KLEMENTINUM, EZ","100.5","","100.5","E","149","E","59","E","4","E","90","E","35","E","78","E","0","E","-26.8","E,0122,","22.6",",E,0509,","30.6","E,0815,","-0.8","E,1030","-2.9","E,1116","-4.4","E,1212","-6.9","E,1224","","","-0.4","E,0503","-3.9","E,0402","-6.0","E,0401","-6.8","E,0331","-10.6","E,0201","3754.6","","3754.6","E","506.7",",E","8.69","E","12.07","E","5.30","E"
"EZE00100082","1851","50.0906","14.4192","191.0","PRAHA KLEMENTINUM, EZ","58.5","","58.5","E","146","E","65","E","0","E","98","E","34","E","55","E","0","E","-14.0","E,0303,","22.0",",E,1104,","28.6","E,0721,","-0.1","E,1106","-2.3","E,1118","-5.9","E,1122","-6.9","E,1229","","","-0.5","E,0406","-2.7","E,0312","-4.4","E,0304","-14.0","E,0303","-14.0","E,0303","3538.0","","3538.0","E","484.6",",E","8.58","E","11.49","E","5.66","E"
"EZE00100082","1852","50.0906","14.4192","191.0","PRAHA KLEMENTINUM, EZ","170.0","","170.0","E","118","E","43","E","0","E","83","E","7","E","100","E","0","E","-10.0","E,0314,","27.5",",E,0810,","31.9","E,0718,","-0.7","E,1018","-3.1","E,1223","","","","","","","-0.2","E,0424","-2.7","E,0422","-4.7","E,0416","-10.0","E,0314","-10.0","E,0314","3557.6","","3557.6","E","378.3",",E","9.89","E","13.46","E","6.32","E"
"EZE00100082","1853","50.0906","14.4192","191.0","PRAHA KLEMENTINUM, EZ","124.2","","124.2","E","148","E","65","E","4","E","116","E","65","E","67","E","1","E","-24.8","E,1226,","28.2",",E,0428,","35.3","E,0823,","-0.3","E,1111","-2.5","E,1113","-4.8","E,1128","-7.6","E,1201","-9.6","E,1204","-0.6","E,0419","-4.2","E,0417","-7.4","E,0330","-7.4","E,0330","-9.1","E,0329","3525.5","","3525.5","E","483.5",",E","7.75","E","10.79","E","4.71","E"
"EZE00100082","1854","50.0906","14.4192","191.0","PRAHA KLEMENTINUM, EZ","96.5","","96.5","E","131","E","60","E","0","E","95","E","31","E","80","E","0","E","-10.5","E,0215,","18.8",",E,0622,","30.7","E,0725,","-0.2","E,1030","-3.1","E,1112","-6.4","E,1114","","","","","-1.8","E,0425","-2.2","E,0322","-5.9","E,0223","-6.9","E,0221","-10.5","E,0215","3733.3","","3733.3","E","452.8",",E","8.80","E","12.17","E","5.43","E"
"EZE00100082","1855","50.0906","14.4192","191.0","PRAHA KLEMENTINUM, EZ","112.5","","112.5","E","123","E","51","E","7","E","107","E","72","E","70","E","1","E","-22.7","E,0220,","29.0",",E,0825,","32.7","E,0803,","-1.8","E,1119","-3.2","E,1120","-4.6","E,1121","-14.4","E,1203","-14.4","E,1203","-1.2","E,0423","-3.4","E,0316","-8.5","E,0312","-8.5","E,0312","-11.1","E,0224","3893.3","","3893.3","E","445.2",",E","7.44","E","10.88","E","4.00","E"
"EZE00100082","1856","50.0906","14.4192","191.0","PRAHA KLEMENTINUM, EZ","95.0","","95.0","E","119","E","56","E","0","E","108","E","33","E","68","E","0","E","-16.0","E,0114,","21.0",",E,0531,","30.1","E,0814,","0.0","E,1025","-2.3","E,1028","-5.1","E,1117","-7.0","E,1122","-13.4","E,1126","-0.5","E,0403","-2.6","E,0401","-5.7","E,0330","-7.4","E,0307","-12.6","E,0205","3618.5","","3618.5","E","433.0",",E","8.79","E","12.43","E","5.15","E"
"EZE00100082","1857","50.0906","14.4192","191.0","PRAHA KLEMENTINUM, EZ","190.3","","190.3","E","102","E","39","E","1","E","103","E","41","E","91","E","1","E","-18.3","E,0210,","48.8",",E,0817,","32.6","E,0805,","-1.9","E,1113","-2.8","E,1114","-5.8","E,1119","-6.7","E,1121","","","0.0","E,0426","-4.9","E,0321","-4.9","E,0321","-15.4","E,0211","-15.4","E,0211","3792.8","","3792.8","E","377.8",",E","9.05","E","12.63","E","5.48","E"
"EZE00100082","1858","50.0906","14.4192","191.0","PRAHA KLEMENTINUM, EZ","144.6","","144.6","E","102","E","44","E","0","E","124","E","64","E","85","E","0","E","-17.2","E,0219,","25.2",",E,0820,","30.5","E,0618,","-0.3","E,1031","-3.6","E,1102","-6.7","E,1109","-6.7","E,1109","-9.8","E,1110","-2.1","E,0415","-4.4","E,0314","-4.4","E,0314","-10.7","E,0305","-10.7","E,0305","3673.3","","3673.3","E","395.2",",E","7.90","E","11.51","E","4.28","E"
"EZE00100082","1859","50.0906","14.4192","191.0","PRAHA KLEMENTINUM, EZ","255.6","","255.6","E","121","E","51","E","0","E","81","E","34","E","90","E","8","E","-11.1","E,1221,+","47.3",",E,0905,","33.2","E,0804,","-1.6","E,1111","-3.8","E,1112","-4.6","E,1113","-7.7","E,1120","-9.2","E,1217","-0.3","E,0402","-5.7","E,0221","-5.7","E,0221","-10.1","E,0110","-10.1","E,0110","3372.6","","3372.6","E","486.1",",E","9.99","E","13.43","E","6.55","E"
"EZE00100082","1860","50.0906","14.4192","191.0","PRAHA KLEMENTINUM, EZ","77.9","","77.9","E","138","E","54","E","0","E","103","E","44","E","64","E","0","E","-9.1","E,1231,","28.7",",E,0729,","30.4","E,0827,","-1.0","E,1030","-4.2","E,1102","-5.2","E,1203","-7.7","E,1224","-8.9","E,1230","-0.9","E,0318","-6.8","E,0313","-6.8","E,0313","-6.8","E,0313","-8.9","E,0311","3553.9","","3553.9","E","527.6",",E","8.36","E","11.44","E","5.27","E"
"EZE00100082","1861","50.0906","14.4192","191.0","PRAHA KLEMENTINUM, EZ","197.1","","197.1","E","119","E","44","E","5","E","68","E","33","E","86","E","4","E","-21.8","E,0116,","19.6",",E,0627,","34.8","E,0813,","-1.6","E,1028","-3.5","E,1118","-5.0","E,1119","-6.8","E,1205","-9.8","E,1207","-2.4","E,0421","-2.4","E,0421","-5.4","E,0315","-6.7","E,0121","-12.3","E,0120","3807.9","","3807.9","E","418.7",",E","9.13","E","12.70","E","5.56","E"
"EZE00100082","1862","50.0906","14.4192","191.0","PRAHA KLEMENTINUM, EZ","107.7","","107.7","E","115","E","54","E","0","E","87","E","31","E","82","E","1","E","-14.2","E,0121,","26.4",",E,0201,","32.5","E,0727,","-3.2","E,1118","-3.2","E,1118","-5.2","E,1119","-8.4","E,1123","-9.7","E,1124","-0.8","E,0416","-5.4","E,0306","-5.4","E,0306","-11.2","E,0211","-11.2","E,0211","3265.2","","3265.2","E","467.2",",E","9.77","E","13.25","E","6.28","E"
"EZE00100082","1863","50.0906","14.4192","191.0","PRAHA KLEMENTINUM, EZ","153.8","","153.8","E","95","E","41","E","0","E","41","E","4","E","81","E","1","E","-6.1","E,1202,","34.0",",E,0831,","32.9","E,0810,","-0.3","E,1109","-3.1","E,1130","-6.1","E,1202","","","","","-0.2","E,0401","-2.3","E,0228","-4.9","E,0222","","","","","3119.5","","3119.5","E","312.8",",E","10.42","E","13.74","E","7.09","E"
"EZE00100082","1864","50.0906","14.4192","191.0","PRAHA KLEMENTINUM, EZ","82.5","","82.5","E","104","E","31","E","4","E","111","E","55","E","66","E","0","E","-20.5","E,0113,","22.0",",E,0923,","29.8","E,0806,+","-0.3","E,1005","-4.1","E,1107","-6.4","E,1108","-7.1","E,1205","-8.9","E,1216","-1.6","E,0506","-3.4","E,0408","-4.8","E,0221","-6.9","E,0213","-16.9","E,0211","3557.0","","3557.0","E","269.6",",E","7.30","E","10.71","E","3.88","E"
"EZE00100082","1865","50.0906","14.4192","191.0","PRAHA KLEMENTINUM, EZ","210.5","","210.5","E","94","E","43","E","4","E","103","E","41","E","80","E","6","E","-20.0","E,0208,","26.0",",E,0725,","35.2","E,0720,","-1.4","E,1113","-3.8","E,1114","-4.4","E,1115","-8.0","E,1214","","","-0.3","E,0405","-2.4","E,0330","-5.1","E,0329","-8.8","E,0324","-9.8","E,0322","4001.2","","4001.2","E","332.8",",E","8.98","E","12.57","E","5.39","E"
"EZE00100082","1866","50.0906","14.4192","191.0","PRAHA KLEMENTINUM, EZ","129.9","","129.9","E","118","E","59","E","0","E","79","E","9","E","82","E","0","E","-7.1","E,1222,+","26.6",",E,0821,","30.3","E,0613,","-1.0","E,1018","-2.3","E,1021","-5.1","E,1028","-7.1","E,1222","","","-1.0","E,0331","-2.8","E,0317","-4.6","E,0316","-7.1","E,0222","","","3107.8","","3107.8","E","463.2",",E","10.08","E","13.60","E","6.57","E"
"EZE00100082","1867","50.0906","14.4192","191.0","PRAHA KLEMENTINUM, EZ","144.0","","144.0","E","152","E","57","E","0","E","86","E","38","E","85","E","1","E","-15.0","E,1231,","32.6",",E,0825,","32.8","E,0723,","-0.8","E,1106","-3.5","E,1118","-5.8","E,1124","-12.8","E,1209","-12.8","E,1209","-0.2","E,0324","-2.8","E,0322","-8.5","E,0314","-8.5","E,0314","-12.6","E,0123","3376.9","","3376.9","E","459.9",",E","9.12","E","12.24","E","6.00","E"
"EZE00100082","1868","50.0906","14.4192","191.0","PRAHA KLEMENTINUM, EZ","367.9","","367.9","E","97","E","40","E","0","E","55","E","16","E","124","E","8","E","-15.3","E,0112,","52.6",",E,1109,","34.5","E,0816,","-0.2","E,1116","-2.5","E,1119","-5.7","E,1120","-7.4","E,1122","","","-1.1","E,0413","-2.3","E,0127","-6.1","E,0126","-7.0","E,0125","-14.2","E,0113","3291.6","","3291.6","E","381.4",",E","11.09","E","14.68","E","7.50","E"
"EZE00100082","1869","50.0906","14.4192","191.0","PRAHA KLEMENTINUM, EZ","132.3","","132.3","E","124","E","41","E","1","E","73","E","22","E","81","E","2","E","-18.1","E,0123,","28.6",",E,0615,","32.8","E,0729,","-0.4","E,1019","-3.5","E,1024","-4.7","E,1031","-6.9","E,1113","-12.0","E,1230","-0.8","E,0328","-6.2","E,0310","-6.2","E,0310","-9.8","E,0126","-9.8","E,0126","3127.9","","3127.9","E","411.6",",E","9.43","E","13.02","E","5.83","E"
"EZE00100082","1870","50.0906","14.4192","191.0","PRAHA KLEMENTINUM, EZ","153.4","","153.4","E","120","E","45","E","6","E","109","E","58","E","73","E","3","E","-23.4","E,1225,","22.8",",E,0804,","35.1","E,0712,","-0.4","E,1113","-5.0","E,1201","-5.0","E,1201","-11.6","E,1203","-11.6","E,1203","0.0","E,0406","-4.2","E,0321","-5.2","E,0320","-6.8","E,0222","-10.8","E,0216","3813.2","","3813.2","E","393.0",",E","7.66","E","11.12","E","4.20","E"
"EZE00100082","1871","50.0906","14.4192","191.0","PRAHA KLEMENTINUM, EZ","147.3","","147.3","E","104","E","38","E","7","E","115","E","66","E","71","E","0","E","-24.4","E,0213,","29.3",",E,0604,","31.2","E,0718,","-0.4","E,1015","-2.4","E,1025","-4.9","E,1126","-7.4","E,1203","-10.2","E,1205","-0.4","E,0412","-2.5","E,0330","-4.6","E,0302","-16.5","E,0214","-16.5","E,0214","4093.9","","4093.9","E","353.0",",E","7.21","E","10.78","E","3.65","E"
"EZE00100082","1872","50.0906","14.4192","191.0","PRAHA KLEMENTINUM, EZ","126.7","","126.7","E","110","E","47","E","0","E","61","E","14","E","95","E","1","E","-11.0","E,0113,","20.8",",E,0424,","32.8","E,0728,","-2.1","E,1213","-4.6","E,1214","-4.6","E,1214","","","","","-0.8","E,0323","-3.0","E,0322","-4.9","E,0122","-10.0","E,0119","-10.0","E,0119","3650.9","","3650.9","E","395.9",",E","10.31","E","13.82","E","6.80","E"
"EZE00100082","1873","50.0906","14.4192","191.0","PRAHA KLEMENTINUM, EZ","204.9","","204.9","E","112","E","38","E","0","E","65","E","19","E","88","E","1","E","-12.5","E,1210,","29.2",",E,0618,","35.0","E,0809,","0.0","E,1110","-2.5","E,1111","-6.0","E,1207","-8.1","E,1208","-10.1","E,1209","-1.1","E,0425","-2.4","E,0302","-5.2","E,0220","-7.5","E,0202","","","3146.4","","3146.4","E","400.1",",E","9.74","E","13.36","E","6.13","E"
"EZE00100082","1874","50.0906","14.4192","191.0","PRAHA KLEMENTINUM, EZ","196.0","","196.0","E","97","E","35","E","0","E","97","E","33","E","100","E","1","E","-11.3","E,0107,","25.5",",E,0415,","32.6","E,0704,","-0.3","E,1026","-4.4","E,1114","-4.4","E,1114","-7.1","E,1224","-9.5","E,1228","-0.6","E,0325","-2.6","E,0316","-6.2","E,0314","-7.3","E,0306","-9.7","E,0213","3393.7","","3393.7","E","348.0",",E","9.14","E","12.85","E","5.44","E"
"EZE00100082","1875","50.0906","14.4192","191.0","PRAHA KLEMENTINUM, EZ","189.4","","189.4","E","135","E","64","E","3","E","106","E","56","E","103","E","3","E","-21.0","E,1208,","23.0",",E,0624,","34.3","E,0820,","-0.4","E,1019","-2.4","E,1103","-4.8","E,1129","-8.1","E,1205","-16.2","E,1206","-0.5","E,0425","-3.5","E,0325","-6.1","E,0324","-7.9","E,0323","-10.0","E,0307","3681.6","","3681.6","E","534.4",",E","8.30","E","11.94","E","4.66","E"
"EZE00100082","1876","50.0906","14.4192","191.0","PRAHA KLEMENTINUM, EZ","172.7","","172.7","E","142","E","58","E","1","E","86","E","43","E","81","E","0","E","-20.2","E,1227,","22.6",",E,0608,","30.8","E,0727,+","-1.9","E,1104","-3.2","E,1105","-4.5","E,1108","-11.5","E,1112","-11.5","E,1112","-0.7","E,0520","-4.0","E,0215","-11.6","E,0214","-11.6","E,0214","-11.6","E,0214","3728.1","","3728.1","E","415.5",",E","9.02","E","12.57","E","5.47","E"
"EZE00100082","1877","50.0906","14.4192","191.0","PRAHA KLEMENTINUM, EZ","186.6","","186.6","E","133","E","49","E","0","E","66","E","18","E","77","E","2","E","-11.7","E,0311,","18.2",",E,0809,","32.4","E,0724,+","-1.0","E,1011","-6.6","E,1218","-6.6","E,1218","-7.7","E,1221","","","-0.2","E,0503","-2.3","E,0324","-5.1","E,0313","-9.6","E,0312","-9.6","E,0312","3452.5","","3452.5","E","440.3",",E","9.25","E","12.73","E","5.78","E"
"EZE00100082","1878","50.0906","14.4192","191.0","PRAHA KLEMENTINUM, EZ","125.1","","125.1","E","141","E","43","E","0","E","83","E","30","E","88","E","0","E","-12.2","E,0112,","19.1",",E,0508,","31.0","E,0723,","-1.5","E,1102","-4.6","E,1208","-4.6","E,1208","-8.3","E,1214","-10.6","E,1217","0.0","E,0327","-3.6","E,0317","-4.7","E,0315","-12.2","E,0112","-12.2","E,0112","3379.7","","3379.7","E","382.8",",E","9.58","E","12.93","E","6.23","E"
"EZE00100082","1879","50.0906","14.4192","191.0","PRAHA KLEMENTINUM, EZ","106.1","","106.1","E","145","E","50","E","2","E","102","E","56","E","82","E","0","E","-20.4","E,1210,","37.8",",E,0613,","29.8","E,0804,","-0.2","E,1017","-2.9","E,1115","-6.3","E,1119","-8.3","E,1126","-9.4","E,1201","-0.8","E,0327","-4.4","E,0326","-4.4","E,0326","-14.7","E,0122","-14.7","E,0122","3534.9","","3534.9","E","485.9",",E","7.89","E","11.27","E","4.50","E"
"EZE00100082","1880","50.0906","14.4192","191.0","PRAHA KLEMENTINUM, EZ","124.0","","124.0","E","133","E","64","E","0","E","79","E","30","E","94","E","0","E","-13.1","E,0208,","41.0",",E,0712,","31.1","E,0710,","-0.5","E,1023","-3.1","E,1109","","","","","","","-0.1","E,0329","-2.9","E,0325","-5.8","E,0319","-7.2","E,0211","-13.1","E,0208","3850.3","","3850.3","E","583.1",",E","9.44","E","13.03","E","5.84","E"
"EZE00100082","1881","50.0906","14.4192","191.0","PRAHA KLEMENTINUM, EZ","152.5","","152.5","E","113","E","45","E","1","E","106","E","39","E","75","E","3","E","-18.5","E,0115,","54.0",",E,0527,","33.4","E,0720,","-1.5","E,1028","-2.2","E,1101","-4.8","E,1104","-7.3","E,1226","","","0.0","E,0422","-2.7","E,0405","-6.6","E,0323","-7.6","E,0304","-9.2","E,0215","3567.5","","3567.5","E","499.2",",E","8.16","E","11.58","E","4.74","E"
"EZE00100082","1882","50.0906","14.4192","191.0","PRAHA KLEMENTINUM, EZ","73.7","","73.7","E","141","E","59","E","0","E","72","E","19","E","62","E","0","E","-12.1","E,1204,","51.0",",E,0508,","29.6","E,0716,","-0.1","E,1113","-4.2","E,1118","-6.6","E,1202","-10.6","E,1203","-10.6","E,1203","0.0","E,0412","-4.9","E,0214","-4.9","E,0214","-6.7","E,0205","-8.9","E,0204","3419.5","","3419.5","E","584.7",",E","9.48","E","12.87","E","6.08","E"
"EZE00100082","1883","50.0906","14.4192","191.0","PRAHA KLEMENTINUM, EZ","121.9","","121.9","E","120","E","38","E","0","E","77","E","28","E","68","E","0","E","-11.0","E,1207,","50.2",",E,0619,","31.6","E,0713,","-0.3","E,1125","-5.3","E,1205","-5.3","E,1205","-9.2","E,1206","-9.2","E,1206","-0.1","E,0403","-2.2","E,0331","-8.2","E,0324","-8.2","E,0324","-10.3","E,0323","3581.9","","3581.9","E","478.7",",E","8.86","E","12.21","E","5.50","E"
"EZE00100082","1884","50.0906","14.4192","191.0","PRAHA KLEMENTINUM, EZ","118.5","","118.5","E","132","E","55","E","0","E","58","E","12","E","78","E","0","E","-10.3","E,1202,","21.8",",E,0629,","32.0","E,0717,","-1.6","E,1112","-4.2","E,1120","-4.5","E,1122","-7.2","E,1125","-9.1","E,1201","-0.3","E,0323","-2.9","E,0309","-4.8","E,0229","-7.5","E,0103","","","3325.8","","3325.8","E","460.4",",E","9.48","E","12.97","E","5.98","E"
"EZE00100082","1885","50.0906","14.4192","191.0","PRAHA KLEMENTINUM, EZ","179.2","","179.2","E","102","E","43","E","0","E","89","E","27","E","86","E","0","E","-14.3","E,1213,","22.2",",E,0720,","32.1","E,0714,","-0.4","E,1103","-2.2","E,1112","-4.6","E,1118","-7.0","E,1210","-13.0","E,1212","-1.4","E,0325","-3.8","E,0324","-5.1","E,0223","-8.5","E,0214","-10.1","E,0128","3404.8","","3404.8","E","360.6",",E","9.23","E","12.78","E","5.67","E"
"EZE00100082","1886","50.0906","14.4192","191.0","PRAHA KLEMENTINUM, EZ","192.5","","192.5","E","126","E","54","E","0","E","89","E","33","E","95","E","2","E","-13.7","E,0208,","53.7",",E,0621,","33.0","E,0720,","-1.3","E,1101","-3.5","E,1129","-5.2","E,1203","-7.7","E,1223","","","-1.1","E,0324","-2.4","E,0320","-8.1","E,0314","-8.1","E,0314","-10.5","E,0313","3661.8","","3661.8","E","524.1",",E","9.34","E","12.84","E","5.85","E"
"EZE00100082","1887","50.0906","14.4192","191.0","PRAHA KLEMENTINUM, EZ","161.4","","161.4","E","119","E","54","E","0","E","104","E","51","E","72","E","1","E","-16.5","E,0120,","33.6",",E,1110,","33.5","E,0731,","-0.7","E,1014","-2.8","E,1026","-5.7","E,1027","-7.7","E,1213","-9.1","E,1227","0.0","E,0418","-2.6","E,0417","-4.6","E,0321","-7.1","E,0220","-11.4","E,0219","3598.6","","3598.6","E","503.0",",E","8.24","E","11.62","E","4.85","E"
"EZE00100082","1888","50.0906","14.4192","191.0","PRAHA KLEMENTINUM, EZ","89.6","","89.6","E","139","E","56","E","2","E","99","E","42","E","70","E","0","E","-21.9","E,0103,","29.8",",E,0723,","30.5","E,0811,","-2.5","E,1105","-2.5","E,1105","-5.4","E,1107","-7.2","E,1111","-9.2","E,1215","-1.1","E,0427","-5.8","E,0408","-5.8","E,0408","-8.1","E,0306","-10.7","E,0304","3727.2","","3727.2","E","548.4",",E","8.26","E","11.62","E","4.90","E"
"EZE00100082","1889","50.0906","14.4192","191.0","PRAHA KLEMENTINUM, EZ","162.1","","162.1","E","132","E","50","E","0","E","110","E","60","E","103","E","1","E","-15.6","E,0214,","38.6",",E,1002,","34.7","E,0711,","-0.3","E,1027","-2.2","E,1114","-4.5","E,1115","-8.2","E,1207","","","-0.6","E,0417","-6.8","E,0317","-6.8","E,0317","-6.8","E,0317","-11.1","E,0308","3595.0","","3595.0","E","540.2",",E","8.78","E","12.00","E","5.56","E"
"EZE00100082","1890","50.0906","14.4192","191.0","PRAHA KLEMENTINUM, EZ","116.3","","116.3","E","122","E","56","E","0","E","95","E","49","E","71","E","0","E","-13.8","E,1128,","36.4",",E,1123,","31.0","E,0819,","-0.2","E,1022","-2.3","E,1023","-6.4","E,1125","-10.6","E,1126","-10.6","E,1126","-0.3","E,0314","-3.2","E,0306","-11.7","E,0305","-11.7","E,0305","-11.7","E,0305","3535.5","","3535.5","E","637.3",",E","8.81","E","12.29","E","5.34","E"
"EZE00100082","1891","50.0906","14.4192","191.0","PRAHA KLEMENTINUM, EZ","80.1","","80.1","E","119","E","56","E","0","E","99","E","38","E","67","E","0","E","-17.3","E,0117,","25.4",",E,0823,","32.0","E,0701,","-1.4","E,1030","-2.9","E,1104","-5.7","E,1106","-7.2","E,1220","","","-0.3","E,0405","-2.3","E,0403","-4.6","E,0324","-10.2","E,0214","-10.2","E,0214","3864.9","","3864.9","E","508.7",",E","8.56","E","11.86","E","5.25","E"
"EZE00100082","1892","50.0906","14.4192","191.0","PRAHA KLEMENTINUM, EZ","198.6","","198.6","E","111","E","47","E","0","E","97","E","48","E","84","E","5","E","-16.7","E,0122,","21.8",",E,0430,","35.9","E,0817,","-1.2","E,1027","-2.6","E,1118","-6.8","E,1124","-6.8","E,1124","-9.7","E,1127","-0.8","E,0416","-5.1","E,0317","-5.1","E,0317","-7.2","E,0314","-9.5","E,0313","3548.5","","3548.5","E","391.6",",E","8.78","E","12.33","E","5.24","E"
"EZE00100082","1893","50.0906","14.4192","191.0","PRAHA KLEMENTINUM, EZ","139.5","","139.5","E","98","E","42","E","7","E","80","E","40","E","78","E","0","E","-22.5","E,0117,","23.1",",E,0728,","30.1","E,0821,","-0.6","E,1108","-2.2","E,1109","-5.1","E,1112","-7.3","E,1204","-9.2","E,1231","-0.3","E,0419","-2.5","E,0328","-6.1","E,0207","-8.6","E,0206","-14.5","E,0205","3703.0","","3703.0","E","366.6",",E","8.83","E","12.40","E","5.26","E"
"EZE00100082","1894","50.0906","14.4192","191.0","PRAHA KLEMENTINUM, EZ","102.6","","102.6","E","120","E","56","E","0","E","67","E","29","E","61","E","1","E","-16.4","E,0105,","48.7",",E,0526,","32.7","E,0724,","-0.4","E,1125","-2.8","E,1202","-5.5","E,1213","","","","","-0.3","E,0326","-4.4","E,0224","-4.4","E,0224","-8.6","E,0223","-9.5","E,0222","3387.4","","3387.4","E","477.4",",E","9.26","E","12.47","E","6.05","E"
"EZE00100082","1895","50.0906","14.4192","191.0","PRAHA KLEMENTINUM, EZ","158.6","","158.6","E","125","E","50","E","3","E","107","E","62","E","91","E","0","E","-20.8","E,0207,","38.9",",E,0525,","31.8","E,0728,","-0.2","E,1022","-2.5","E,1121","-6.7","E,1129","-6.7","E,1129","-9.0","E,1130","-0.3","E,0414","-8.4","E,0310","-8.4","E,0310","-8.4","E,0310","-10.8","E,0309","3813.4","","3813.4","E","502.8",",E","8.36","E","11.79","E","4.93","E"
"EZE00100082","1896","50.0906","14.4192","191.0","PRAHA KLEMENTINUM, EZ","87.0","","87.0","E","120","E","49","E","0","E","86","E","28","E","63","E","0","E","-15.3","E,0111,","47.1",",E,0625,","32.1","E,0729,","-1.5","E,1106","-2.2","E,1113","-4.7","E,1126","-7.8","E,1203","-10.8","E,1217","-0.4","E,0329","-3.0","E,0301","-7.0","E,0225","-7.0","E,0225","-13.8","E,0129","3523.4","","3523.4","E","539.2",",E","8.62","E","11.70","E","5.54","E"
"EZE00100082","1897","50.0906","14.4192","191.0","PRAHA KLEMENTINUM, EZ","123.3","","123.3","E","119","E","55","E","0","E","65","E","24","E","77","E","0","E","-8.1","E,0210,","58.5",",E,0729,","30.6","E,0701,","-0.2","E,1109","-3.7","E,1110","-5.5","E,1111","-7.4","E,1229","","","0.0","E,0312","-2.4","E,0221","-6.7","E,0216","-6.7","E,0216","","","3461.0","","3461.0","E","511.0",",E","9.15","E","12.03","E","6.27","E"
"EZE00100082","1898","50.0906","14.4192","191.0","PRAHA KLEMENTINUM, EZ","114.0","","114.0","E","106","E","49","E","0","E","51","E","11","E","76","E","0","E","-7.8","E,1222,","28.7",",E,0928,","31.1","E,0817,+","-1.6","E,1121","-6.4","E,1221","-6.4","E,1221","-7.8","E,1222","","","-1.9","E,0313","-2.6","E,0212","-6.0","E,0126","","","","","3317.7","","3317.7","E","391.1",",E","10.12","E","13.31","E","6.93","E"
"EZE00100082","1899","50.0906","14.4192","191.0","PRAHA KLEMENTINUM, EZ","102.3","","102.3","E","135","E","61","E","2","E","82","E","29","E","60","E","0","E","-21.2","E,1223,","35.0",",E,0912,","30.3","E,0807,","-0.8","E,1016","-4.6","E,1207","-4.6","E,1207","-7.1","E,1208","-11.5","E,1211","0.0","E,0401","-6.1","E,0326","-6.1","E,0326","-10.1","E,0322","-10.1","E,0322","3237.1","","3237.1","E","571.9",",E","8.90","E","12.35","E","5.45","E"
"EZE00100082","1900","50.0906","14.4192","191.0","PRAHA KLEMENTINUM, EZ","155.3","","155.3","E","137","E","65","E","0","E","69","E","16","E","88","E","1","E","-14.9","E,0116,","22.4",",E,0105,","32.8","E,0726,","-0.2","E,1202","-3.0","E,1203","-6.0","E,1231","","","","","-0.1","E,0405","-5.7","E,0404","-5.7","E,0404","-8.0","E,0403","-9.5","E,0304","3695.7","","3695.7","E","513.8",",E","9.47","E","12.68","E","6.26","E"
"EZE00100082","1901","50.0906","14.4192","191.0","PRAHA KLEMENTINUM, EZ","149.8","","149.8","E","118","E","58","E","2","E","94","E","42","E","89","E","0","E","-18.6","E,0219,","22.2",",E,0913,","31.6","E,0602,","-1.8","E,1102","-2.6","E,1104","-4.6","E,1126","","","","","-3.4","E,0330","-3.4","E,0330","-5.7","E,0328","-14.9","E,0223","-14.9","E,0223","3533.0","","3533.0","E","470.9",",E","8.70","E","11.97","E","5.43","E"
"EZE00100082","1902","50.0906","14.4192","191.0","PRAHA KLEMENTINUM, EZ","104.1","","104.1","E","116","E","46","E","1","E","79","E","33","E","56","E","0","E","-19.0","E,1215,","22.3",",E,0906,","29.5","E,0701,","-0.6","E,1025","-2.7","E,1116","-6.7","E,1117","-6.7","E,1117","-9.5","E,1118","-4.5","E,0315","-4.5","E,0315","-4.5","E,0315","-6.7","E,0314","","","3360.7","","3360.7","E","378.5",",E","8.20","E","11.34","E","5.06","E"
"EZE00100082","1903","50.0906","14.4192","191.0","PRAHA KLEMENTINUM, EZ","87.0","","87.0","E","119","E","54","E","0","E","51","E","20","E","70","E","0","E","-13.5","E,0123,","29.4",",E,0712,","28.6","E,0718,+","-0.3","E,1127","-3.0","E,1203","-6.1","E,1204","-7.1","E,1205","-10.9","E,1229","-3.6","E,0315","-3.6","E,0315","-7.5","E,0217","-7.5","E,0217","-10.2","E,0124","3669.9","","3669.9","E","460.1",",E","9.56","E","12.68","E","6.43","E"
"EZE00100082","1904","50.0906","14.4192","191.0","PRAHA KLEMENTINUM, EZ","152.7","","152.7","E","103","E","39","E","0","E","59","E","23","E","83","E","2","E","-10.0","E,1231,","55.7",",E,0528,","32.9","E,0717,","-1.8","E,1114","-3.0","E,1125","-6.2","E,1227","-7.4","E,1228","-10.0","E,1231","0.0","E,0329","-2.6","E,0307","-4.4","E,0228","","","","","3341.0","","3341.0","E","382.7",",E","9.70","E","12.95","E","6.44","E"
"EZE00100082","1905","50.0906","14.4192","191.0","PRAHA KLEMENTINUM, EZ","183.8","","183.8","E","128","E","46","E","0","E","61","E","18","E","83","E","2","E","-15.8","E,0103,","31.8",",E,0806,","34.5","E,0702,","-1.8","E,1025","-4.9","E,1218","-4.9","E,1218","-6.7","E,1231","","","-1.7","E,0409","-2.2","E,0215","-8.0","E,0214","-8.0","E,0214","-10.8","E,0124","3355.8","","3355.8","E","412.5",",E","9.27","E","12.37","E","6.17","E"
"EZE00100082","1906","50.0906","14.4192","191.0","PRAHA KLEMENTINUM, EZ","154.2","","154.2","E","133","E","53","E","0","E","77","E","25","E","79","E","2","E","-13.3","E,1222,","44.7",",E,0920,","32.6","E,0803,+","-1.8","E,1207","-3.4","E,1208","-4.7","E,1219","-8.7","E,1220","-12.0","E,1221","-1.6","E,0404","-3.1","E,0328","-4.7","E,0322","-7.6","E,0126","","","3392.9","","3392.9","E","504.7",",E","9.52","E","12.80","E","6.23","E"
"EZE00100082","1907","50.0906","14.4192","191.0","PRAHA KLEMENTINUM, EZ","108.0","","108.0","E","126","E","47","E","2","E","81","E","28","E","82","E","1","E","-19.1","E,0122,","25.0",",E,0702,","32.7","E,0806,","-0.5","E,1104","-3.3","E,1106","-5.9","E,1218","","","","","-0.1","E,0421","-3.6","E,0313","-5.3","E,0214","-6.7","E,0213","-10.1","E,0126","3496.0","","3496.0","E","415.9",",E","9.17","E","12.50","E","5.84","E"
"EZE00100082","1908","50.0906","14.4192","191.0","PRAHA KLEMENTINUM, EZ","142.9","","142.9","E","","","","","0","E","92","E","34","E","82","E","1","E","-17.6","E,0103,","","","32.4","E,0712,","-1.6","E,1019","-3.4","E,1020","-4.9","E,1021","-8.3","E,1107","-10.2","E,1108","0.0","E,0403","-2.9","E,0302","-4.4","E,0126","-7.1","E,0117","-11.8","E,0116","3398.8","","3398.8","E","","","8.70","E","12.09","E","5.31","E"
"EZE00100082","1909","50.0906","14.4192","191.0","PRAHA KLEMENTINUM, EZ","77.6","","77.6","E","119","E","45","E","0","E","94","E","39","E","71","E","0","E","-15.3","E,0101,","40.5",",E,0701,","29.8","E,0602,","-0.5","E,1027","-2.6","E,1120","-5.2","E,1124","-7.2","E,1216","","","-1.1","E,0406","-2.2","E,0405","-8.2","E,0307","-8.2","E,0307","-8.9","E,0224","3842.9","","3842.9","E","461.0",",E","8.61","E","11.80","E","5.43","E"
"EZE00100082","1910","50.0906","14.4192","191.0","PRAHA KLEMENTINUM, EZ","83.6","","83.6","E","127","E","63","E","0","E","64","E","3","E","66","E","0","E","-5.7","E,1126,","50.0",",E,0513,","29.1","E,0821,","0.0","E,1120","-2.3","E,1124","-5.6","E,1125","","","","","-0.5","E,0412","-2.8","E,0214","-4.9","E,0201","","","","","3223.9","","3223.9","E","594.8",",E","9.59","E","12.71","E","6.47","E"
"EZE00100082","1911","50.0906","14.4192","191.0","PRAHA KLEMENTINUM, EZ","256.3","","256.3","E","98","E","37","E","0","E","62","E","16","E","98","E","5","E","-11.8","E,0115,","17.4",",E,0914,","33.5","E,0728,","0.0","E,1017","-2.2","E,1231","","","","","","","-2.0","E,0408","-3.0","E,0406","-4.7","E,0214","-6.9","E,0211","-11.5","E,0116","3375.4","","3375.4","E","326.0",",E","10.18","E","13.59","E","6.76","E"
"EZE00100082","1912","50.0906","14.4192","191.0","PRAHA KLEMENTINUM, EZ","86.5","","86.5","E","128","E","48","E","0","E","71","E","35","E","65","E","0","E","-16.5","E,0204,","48.4",",E,0719,","29.0","E,0728,","-1.9","E,1005","-3.6","E,1107","-5.0","E,1108","","","","","0.0","E,0416","-2.4","E,0413","-4.8","E,0208","-14.8","E,0205","-14.8","E,0205","3309.1","","3309.1","E","533.8",",E","8.52","E","11.69","E","5.35","E"
"EZE00100082","1913","50.0906","14.4192","191.0","PRAHA KLEMENTINUM, EZ","56.0","","56.0","E","117","E","51","E","0","E","67","E","20","E","52","E","0","E","-11.3","E,0115,","27.5",",E,0621,","30.5","E,0602,","-0.2","E,1111","-3.3","E,1219","-5.0","E,1220","","","","","-1.3","E,0415","-3.0","E,0412","-7.6","E,0302","-7.6","E,0302","-9.6","E,0130","3583.5","","3583.5","E","459.8",",E","9.38","E","12.49","E","6.26","E"
"EZE00100082","1914","50.0906","14.4192","191.0","PRAHA KLEMENTINUM, EZ","111.6","","111.6","E","127","E","60","E","0","E","64","E","31","E","73","E","0","E","-12.2","E,0117,","51.0",",E,0527,","29.6","E,0722,","0.0","E,1118","-2.3","E,1121","-5.3","E,1127","-7.1","E,1227","","","-1.7","E,0218","-4.0","E,0213","-4.6","E,0211","-7.3","E,0209","-10.8","E,0125","3381.2","","3381.2","E","550.3",",E","9.34","E","12.44","E","6.24","E"
"EZE00100082","1915","50.0906","14.4192","191.0","PRAHA KLEMENTINUM, EZ","94.2","","94.2","E","134","E","56","E","0","E","71","E","23","E","77","E","1","E","-11.6","E,1129,","26.9",",E,1003,","32.3","E,0611,","-0.3","E,1027","-3.8","E,1123","-5.8","E,1126","-8.7","E,1128","-11.6","E,1129","-0.5","E,0416","-2.8","E,0402","-4.8","E,0312","-8.7","E,0311","-9.5","E,0121","3320.7","","3320.7","E","563.8",",E","9.04","E","12.46","E","5.62","E"
"EZE00100082","1916","50.0906","14.4192","191.0","PRAHA KLEMENTINUM, EZ","66.8","","66.8","E","145","E","65","E","0","E","39","E","4","E","75","E","0","E","-7.3","E,0212,","29.6",",E,0628,","29.7","E,0704,","-1.0","E,1021","-2.9","E,1116","-4.8","E,1118","","","","","-0.6","E,0228","-5.7","E,0222","-5.7","E,0222","-7.3","E,0212","","","3242.8","","3242.8","E","588.2",",E","10.10","E","13.44","E","6.77","E"
"EZE00100082","1917","50.0906","14.4192","191.0","PRAHA KLEMENTINUM, EZ","185.7","","185.7","E","114","E","41","E","4","E","101","E","55","E","116","E","1","E","-20.7","E,0209,","22.1",",E,0416,","32.2","E,0731,","-0.8","E,1102","-2.6","E,1127","-6.0","E,1205","-7.5","E,1219","-11.2","E,1224","-0.1","E,0419","-3.5","E,0327","-5.4","E,0316","-6.9","E,0224","-9.1","E,0217","3656.9","","3656.9","E","346.6",",E","8.59","E","12.34","E","4.83","E"
"EZE00100082","1918","50.0906","14.4192","191.0","PRAHA KLEMENTINUM, EZ","96.0","","96.0","E","117","E","49","E","0","E","75","E","15","E","76","E","1","E","-9.5","E,0104,","55.1",",E,0704,","33.0","E,0823,","-1.7","E,1114","-2.8","E,1121","-5.1","E,1122","","","","","-0.5","E,0331","-2.2","E,0329","-5.5","E,0328","-7.0","E,0327","-9.5","E,0104","3228.7","","3228.7","E","449.4",",E","9.87","E","13.60","E","6.14","E"
"EZE00100082","1919","50.0906","14.4192","191.0","PRAHA KLEMENTINUM, EZ","97.5","","97.5","E","145","E","61","E","0","E","78","E","25","E","74","E","0","E","-11.2","E,0131,","53.2",",E,0627,","31.6","E,0821,","0.0","E,1022","-2.6","E,1101","-5.0","E,1117","-7.6","E,1217","","","-0.5","E,0423","-5.4","E,0215","-5.4","E,0215","-7.2","E,0211","-9.0","E,0210","3413.5","","3413.5","E","570.0",",E","8.73","E","11.99","E","5.48","E"
"EZE00100082","1920","50.0906","14.4192","191.0","PRAHA KLEMENTINUM, EZ","","","","","131","E","57","E","0","E","80","E","17","E","79","E","1","E","-12.2","E,1215,","34.4",",E,0519,","34.6","E,0718,","-0.3","E,1020","-3.2","E,1022","-4.4","E,1029","-7.5","E,1031","-12.2","E,1215","-0.8","E,0314","-2.8","E,0311","-4.7","E,0209","","","","","","","","","545.5",",E","9.94","E","13.28","E","6.60","E"
"EZE00100082","1921","50.0906","14.4192","191.0","PRAHA KLEMENTINUM, EZ","223.5","","223.5","E","110","E","34","E","0","E","55","E","18","E","95","E","8","E","-11.2","E,1214,","23.5",",E,0704,","34.7","E,0729,","-0.8","E,1109","-3.1","E,1110","-4.8","E,1111","-7.6","E,1126","-9.4","E,1201","-0.2","E,0419","-2.3","E,0310","-5.1","E,0211","","","","","3226.6","","3226.6","E","336.2",",E","10.37","E","14.25","E","6.48","E"
"EZE00100082","1922","50.0906","14.4192","191.0","PRAHA KLEMENTINUM, EZ","81.8","","81.8","E","151","E","60","E","3","E","81","E","32","E","72","E","1","E","-19.4","E,0205,","47.6",",E,0611,","35.1","E,0706,","-0.1","E,1024","-3.4","E,1127","-4.6","E,1128","","","","","0.0","E,0422","-2.2","E,0402","-7.3","E,0215","-7.3","E,0215","-13.7","E,0214","3498.0","","3498.0","E","605.3",",E","8.27","E","11.55","E","4.99","E"
"EZE00100082","1923","50.0906","14.4192","191.0","PRAHA KLEMENTINUM, EZ","125.4","","125.4","E","150","E","59","E","0","E","67","E","26","E","73","E","2","E","-15.5","E,1228,","19.9",",E,1010,","33.0","E,0715,","-0.4","E,1110","-6.7","E,1124","-6.7","E,1124","-6.7","E,1124","-13.9","E,1227","-0.8","E,0406","-4.5","E,0223","-4.5","E,0223","-13.7","E,0219","-13.7","E,0219","3582.4","","3582.4","E","523.7",",E","9.47","E","12.78","E","6.16","E"
"EZE00100082","1924","50.0906","14.4192","191.0","PRAHA KLEMENTINUM, EZ","116.4","","116.4","E","119","E","57","E","0","E","103","E","50","E","74","E","1","E","-13.6","E,0105,","61.0",",E,0613,","32.6","E,0704,","-0.5","E,1108","-3.0","E,1113","-4.4","E,1114","","","","","0.0","E,0331","-2.6","E,0321","-5.9","E,0315","-7.9","E,0225","-10.6","E,0221","3561.6","","3561.6","E","485.4",",E","8.83","E","12.15","E","5.51","E"
"EZE00100082","1925","50.0906","14.4192","191.0","PRAHA KLEMENTINUM, EZ","96.5","","96.5","E","138","E","56","E","0","E","53","E","20","E","75","E","0","E","-14.8","E,1209,","46.8",",E,0802,","30.6","E,0811,","0.0","E,1111","-3.6","E,1120","-4.6","E,1127","-9.6","E,1204","-9.6","E,1204","-0.5","E,0329","-6.6","E,0318","-6.6","E,0318","-8.2","E,0317","-9.1","E,0313","3100.8","","3100.8","E","594.5",",E","9.77","E","13.09","E","6.45","E"
"EZE00100082","1926","50.0906","14.4192","191.0","PRAHA KLEMENTINUM, EZ","102.0","","102.0","E","131","E","65","E","0","E","42","E","13","E","71","E","0","E","-11.1","E,1225,","60.6",",E,0605,","30.4","E,0719,","-1.4","E,1215","-3.2","E,1216","-6.3","E,1223","-7.0","E,1224","-11.1","E,1225","-0.3","E,0404","-3.5","E,0324","-5.5","E,0124","-10.0","E,0123","-10.0","E,0123","3230.3","","3230.3","E","607.0",",E","10.19","E","13.59","E","6.79","E"
"EZE00100082","1927","50.0906","14.4192","191.0","PRAHA KLEMENTINUM, EZ","149.2","","149.2","E","125","E","53","E","1","E","69","E","18","E","87","E","0","E","-20.4","E,1221,","26.8",",E,0713,","31.9","E,0601,","-2.5","E,1114","-2.5","E,1114","-4.4","E,1203","-9.7","E,1217","-9.7","E,1217","0.0","E,0318","-4.4","E,0223","-4.4","E,0223","-6.8","E,0222","-10.0","E,0220","3069.4","","3069.4","E","469.9",",E","9.70","E","13.19","E","6.21","E"
"EZE00100082","1928","50.0906","14.4192","191.0","PRAHA KLEMENTINUM, EZ","186.7","","186.7","E","122","E","52","E","0","E","55","E","11","E","86","E","6","E","-10.3","E,1221,","34.0",",E,0416,","34.5","E,0715,","-1.0","E,1016","-2.7","E,1215","-4.9","E,1219","-7.3","E,1220","-10.3","E,1221","-3.4","E,0321","-3.4","E,0321","-5.8","E,0317","-9.7","E,0104","-9.7","E,0104","3412.0","","3412.0","E","440.9",",E","9.98","E","13.60","E","6.35","E"
"EZE00100082","1929","50.0906","14.4192","191.0","PRAHA KLEMENTINUM, EZ","206.0","","206.0","E","100","E","48","E","19","E","98","E","61","E","102","E","3","E","-27.1","E,0211,","35.8",",E,0706,","34.0","E,0723,","-0.1","E,1105","-3.8","E,1219","-6.9","E,1220","-6.9","E,1220","","","-1.8","E,0423","-2.7","E,0407","-4.7","E,0406","-8.3","E,0306","-21.2","E,0303","3884.1","","3884.1","E","425.0",",E","8.42","E","12.46","E","4.38","E"
"EZE00100082","1930","50.0906","14.4192","191.0","PRAHA KLEMENTINUM, EZ","174.4","","174.4","E","127","E","53","E","0","E","69","E","13","E","91","E","4","E","-8.0","E,0210,+","27.5",",E,1026,","34.4","E,0705,","-0.1","E,1118","-3.0","E,1205","-6.7","E,1220","-6.7","E,1220","","","-1.3","E,0314","-2.9","E,0313","-5.4","E,0227","-7.8","E,0211","","","2956.5","","2956.5","E","447.3",",E","10.29","E","13.97","E","6.60","E"
"EZE00100082","1931","50.0906","14.4192","191.0","PRAHA KLEMENTINUM, EZ","200.6","","200.6","E","128","E","52","E","0","E","95","E","34","E","89","E","1","E","-10.6","E,0111,","87.0",",E,0704,","32.2","E,0704,","0.0","E,1017","-2.8","E,1129","-6.9","E,1130","-6.9","E,1130","-9.4","E,1220","-1.1","E,0409","-3.8","E,0402","-5.3","E,0331","-7.7","E,0306","-9.6","E,0112","3325.5","","3325.5","E","582.0",",E","9.00","E","12.56","E","5.44","E"
"EZE00100082","1932","50.0906","14.4192","191.0","PRAHA KLEMENTINUM, EZ","224.5","","224.5","E","94","E","49","E","0","E","99","E","23","E","107","E","1","E","-15.7","E,0211,","28.5",",E,0529,","33.4","E,0821,","-0.1","E,1102","-2.5","E,1118","-9.2","E,1211","-9.2","E,1211","-9.2","E,1211","-2.6","E,0328","-2.6","E,0328","-4.4","E,0327","-7.5","E,0323","-12.4","E,0229","3648.8","","3648.8","E","457.7",",E","9.76","E","13.46","E","6.06","E"
"EZE00100082","1933","50.0906","14.4192","191.0","PRAHA KLEMENTINUM, EZ","150.1","","150.1","E","99","E","36","E","1","E","88","E","44","E","82","E","2","E","-18.3","E,1215,","16.9",",E,0729,","34.6","E,0728,","-0.5","E,1108","-3.5","E,1109","-8.8","E,1203","-8.8","E,1203","-10.6","E,1204","-0.3","E,0423","-2.9","E,0312","-12.0","E,0302","-12.0","E,0302","-12.0","E,0302","3329.4","","3329.4","E","327.0",",E","8.88","E","12.53","E","5.23","E"
"EZE00100082","1934","50.0906","14.4192","191.0","PRAHA KLEMENTINUM, EZ","213.8","","213.8","E","101","E","43","E","0","E","45","E","13","E","128","E","1","E","-12.9","E,0203,","49.2",",E,0626,","33.2","E,0618,","-1.3","E,1104","-3.3","E,1121","-4.4","E,1122","","","","","-0.8","E,0407","-5.8","E,0214","-5.8","E,0214","-8.1","E,0205","-12.9","E,0203","3213.4","","3213.4","E","480.6",",E","11.31","E","15.07","E","7.55","E"
"EZE00100082","1935","50.0906","14.4192","191.0","PRAHA KLEMENTINUM, EZ","227.9","","227.9","E","108","E","49","E","0","E","73","E","25","E","101","E","4","E","-11.9","E,0305,","44.9",",E,0611,","37.2","E,0627,","-0.3","E,1120","-2.9","E,1208","-4.6","E,1214","","","","","-1.2","E,0502","-7.1","E,0315","-7.1","E,0315","-7.1","E,0315","-9.9","E,0308","3033.8","","3033.8","E","410.6",",E","10.01","E","13.73","E","6.29","E"
"EZE00100082","1936","50.0906","14.4192","191.0","PRAHA KLEMENTINUM, EZ","150.2","","150.2","E","123","E","59","E","0","E","59","E","11","E","85","E","1","E","-12.0","E,0212,","31.6",",E,0904,","33.4","E,0718,","-1.7","E,1012","-2.7","E,1122","-5.7","E,1228","-7.0","E,1229","","","-0.8","E,0320","-2.5","E,0318","-5.9","E,0215","-12.0","E,0212","-12.0","E,0212","3076.7","","3076.7","E","510.4",",E","9.84","E","13.23","E","6.44","E"
"EZE00100082","1937","50.0906","14.4192","191.0","PRAHA KLEMENTINUM, EZ","209.7","","209.7","E","130","E","54","E","0","E","68","E","28","E","109","E","3","E","-10.4","E,0125,","48.2",",E,0711,","33.0","E,0610,","-0.1","E,1115","-2.8","E,1122","-5.5","E,1222","-9.2","E,1223","-9.2","E,1223","-1.5","E,0330","-3.2","E,0226","-8.1","E,0201","-8.1","E,0201","-10.4","E,0125","3280.4","","3280.4","E","477.3",",E","10.27","E","13.76","E","6.77","E"
"EZE00100082","1938","50.0906","14.4192","191.0","PRAHA KLEMENTINUM, EZ","198.4","","198.4","E","123","E","58","E","0","E","57","E","20","E","89","E","1","E","-15.1","E,1219,","56.4",",E,0824,","32.2","E,0803,","-0.2","E,1127","-6.9","E,1216","-6.9","E,1216","-6.9","E,1216","-11.6","E,1217","-2.5","E,0420","-2.5","E,0420","-4.5","E,0226","-13.9","E,0106","-13.9","E,0106","3144.5","","3144.5","E","595.9",",E","10.22","E","14.01","E","6.44","E"
"EZE00100082","1939","50.0906","14.4192","191.0","PRAHA KLEMENTINUM, EZ","185.7","","185.7","E","139","E","71","E","1","E","77","E","14","E","95","E","0","E","-19.1","E,1230,","45.6",",E,0916,","31.2","E,0709,","-0.5","E,1121","-3.5","E,1209","-5.9","E,1216","-7.2","E,1221","-12.5","E,1222","-0.6","E,0324","-2.7","E,0321","-5.4","E,0317","-7.7","E,0108","","","3152.4","","3152.4","E","745.5",",E","9.85","E","13.45","E","6.25","E"
"EZE00100082","1940","50.0906","14.4192","191.0","PRAHA KLEMENTINUM, EZ","113.4","","113.4","E","142","E","65","E","6","E","117","E","63","E","82","E","0","E","-21.1","E,0111,","31.6",",E,0708,","31.4","E,0707,","-0.1","E,1026","-3.6","E,1031","-6.9","E,1202","-6.9","E,1202","-11.7","E,1215","-0.5","E,0414","-3.4","E,0318","-6.0","E,0309","-7.7","E,0303","-10.5","E,0223","3858.8","","3858.8","E","592.2",",E","7.82","E","11.49","E","4.14","E"
"EZE00100082","1941","50.0906","14.4192","191.0","PRAHA KLEMENTINUM, EZ","144.3","","144.3","E","141","E","62","E","0","E","94","E","35","E","73","E","1","E","-13.5","E,0111,","31.2",",E,0408,","32.4","E,0625,","-1.7","E,1028","-4.2","E,1102","-5.0","E,1114","-7.8","E,1202","-9.5","E,1229","0.0","E,0509","-5.5","E,0318","-5.5","E,0318","-11.0","E,0207","-11.0","E,0207","3774.6","","3774.6","E","600.8",",E","8.47","E","12.09","E","4.85","E"
"EZE00100082","1942","50.0906","14.4192","191.0","PRAHA KLEMENTINUM, EZ","156.3","","156.3","E","107","E","38","E","9","E","106","E","50","E","107","E","0","E","-21.2","E,0124,","29.4",",E,1019,","31.5","E,0830,","-0.7","E,1112","-4.0","E,1124","-7.2","E,1125","-7.2","E,1125","","","-0.8","E,0331","-4.0","E,0324","-4.6","E,0321","-9.9","E,0314","-9.9","E,0314","3948.3","","3948.3","E","340.2",",E","8.62","E","12.48","E","4.75","E"
"EZE00100082","1943","50.0906","14.4192","191.0","PRAHA KLEMENTINUM, EZ","185.1","","185.1","E","85","E","35","E","0","E","84","E","23","E","96","E","8","E","-15.9","E,0112,","23.7",",E,0815,","35.0","E,0821,+","-0.5","E,1101","-3.5","E,1118","-7.0","E,1206","-7.0","E,1206","","","-0.4","E,0330","-3.5","E,0308","-4.4","E,0127","-8.0","E,0126","-15.9","E,0112","2993.3","","2993.3","E","268.7",",E","10.23","E","14.40","E","6.06","E"
"EZE00100082","1944","50.0906","14.4192","191.0","PRAHA KLEMENTINUM, EZ","190.3","","190.3","E","150","E","66","E","0","E","88","E","23","E","96","E","0","E","-12.9","E,0224,","48.5",",E,0723,","31.6","E,0822,","-1.4","E,1114","-3.0","E,1128","-5.6","E,1221","-8.2","E,1222","-10.1","E,1223","-3.1","E,0403","-3.1","E,0403","-7.7","E,0228","-7.7","E,0228","-12.9","E,0224","3368.2","","3368.2","E","588.3",",E","9.57","E","13.33","E","5.80","E"
"EZE00100082","1945","50.0906","14.4192","191.0","PRAHA KLEMENTINUM, EZ","182.9","","182.9","E","137","E","62","E","0","E","60","E","26","E","98","E","1","E","-14.1","E,0129,","46.1",",E,0820,","33.5","E,0722,","0.0","E,1120","-8.2","E,1207","-8.2","E,1207","-8.2","E,1207","-9.9","E,1208","-2.1","E,0309","-4.6","E,0308","-4.6","E,0308","-7.6","E,0130","-14.1","E,0129","3194.6","","3194.6","E","564.8",",E","10.24","E","14.11","E","6.38","E"
"EZE00100082","1946","50.0906","14.4192","191.0","PRAHA KLEMENTINUM, EZ","181.0","","181.0","E","129","E","59","E","1","E","77","E","32","E","112","E","3","E","-18.6","E,1219,","45.2",",E,0527,","34.1","E,0705,","-0.3","E,1011","-3.6","E,1024","-12.6","E,1214","-12.6","E,1214","-12.6","E,1214","-0.7","E,0320","-4.5","E,0319","-4.5","E,0319","-10.2","E,0125","-10.2","E,0125","3062.1","","3062.1","E","638.3",",E","9.70","E","13.78","E","5.62","E"
"EZE00100082","1947","50.0906","14.4192","191.0","PRAHA KLEMENTINUM, EZ","322.2","","322.2","E","119","E","43","E","4","E","100","E","50","E","123","E","10","E","-21.0","E,0107,","68.5",",E,0701,","34.9","E,0629,","-0.3","E,1004","-2.5","E,1022","-4.4","E,1026","-10.1","E,1220","-10.1","E,1220","-4.6","E,0316","-4.6","E,0316","-4.6","E,0316","-6.9","E,0309","-13.6","E,0304","3751.3","","3751.3","E","398.0",",E","9.69","E","14.11","E","5.27","E"
"EZE00100082","1948","50.0906","14.4192","191.0","PRAHA KLEMENTINUM, EZ","161.1","","161.1","E","119","E","51","E","0","E","75","E","21","E","100","E","2","E","-11.8","E,0227,+","58.3",",E,0812,","33.3","E,0808,","-0.3","E,1109","-3.0","E,1113","-4.8","E,1125","-7.5","E,1221","","","-0.2","E,0329","-2.5","E,0307","-6.0","E,0303","-8.9","E,0229","-8.9","E,0229","2886.5","","2886.5","E","479.4",",E","10.35","E","14.45","E","6.26","E"
"EZE00100082","1949","50.0906","14.4192","191.0","PRAHA KLEMENTINUM, EZ","177.7","","177.7","E","114","E","55","E","0","E","71","E","13","E","104","E","5","E","-12.0","E,0308,","35.9",",E,0829,","34.8","E,0809,","-2.7","E,1029","-2.7","E,1029","-4.9","E,1225","","","","","0.0","E,0326","-3.1","E,0323","-7.0","E,0309","-7.0","E,0309","-12.0","E,0308","3259.0","","3259.0","E","474.0",",E","10.48","E","14.63","E","6.33","E"
"EZE00100082","1950","50.0906","14.4192","191.0","PRAHA KLEMENTINUM, EZ","249.7","","249.7","E","137","E","56","E","1","E","72","E","34","E","115","E","3","E","-18.4","E,1230,","27.6",",E,0705,","35.7","E,0630,","-0.5","E,1023","-3.1","E,1028","-5.8","E,1207","-7.1","E,1219","-11.9","E,1229","-0.1","E,0327","-2.8","E,0304","-6.0","E,0303","-7.0","E,0206","-9.0","E,0205","2976.8","","2976.8","E","494.2",",E","10.21","E","14.13","E","6.28","E"
"EZE00100082","1951","50.0906","14.4192","191.0","PRAHA KLEMENTINUM, EZ","206.9","","206.9","E","100","E","50","E","0","E","48","E","4","E","104","E","1","E","-10.3","E,0101,","41.8",",E,0608,","33.1","E,0711,","-0.4","E,1011","-4.3","E,1215","","","","","","","-0.4","E,0423","-5.0","E,0307","-5.0","E,0307","-7.0","E,0305","-10.3","E,0101","3218.4","","3218.4","E","449.5",",E","10.56","E","14.40","E","6.73","E"
"EZE00100082","1952","50.0906","14.4192","191.0","PRAHA KLEMENTINUM, EZ","257.2","","257.2","E","134","E","58","E","0","E","93","E","17","E","108","E","8","E","-7.6","E,1210,+","27.6",",E,0618,","35.6","E,0704,","-0.4","E,1114","-4.4","E,1126","-4.4","E,1126","-6.8","E,1209","","","-1.0","E,0403","-4.9","E,0328","-4.9","E,0328","-7.2","E,0308","","","3068.7","","3068.7","E","463.1",",E","9.79","E","13.41","E","6.16","E"
"EZE00100082","1953","50.0906","14.4192","191.0","PRAHA KLEMENTINUM, EZ","258.5","","258.5","E","98","E","33","E","0","E","75","E","15","E","108","E","2","E","-10.8","E,0209,","17.3",",E,0622,","32.7","E,0726,","-2.9","E,1109","-2.9","E,1109","-4.7","E,1125","-7.3","E,1126","","","-0.4","E,0320","-6.5","E,0315","-6.5","E,0315","-8.2","E,0216","-10.8","E,0209","3314.4","","3314.4","E","291.7",",E","10.78","E","14.82","E","6.73","E"
"EZE00100082","1954","50.0906","14.4192","191.0","PRAHA KLEMENTINUM, EZ","162.3","","162.3","E","129","E","56","E","2","E","76","E","38","E","96","E","1","E","-18.6","E,0202,","39.9",",E,0822,","32.4","E,0620,","0.0","E,1114","-2.4","E,1121","-4.6","E,1122","","","","","-0.7","E,0411","-3.8","E,0308","-6.0","E,0225","-14.5","E,0224","-14.5","E,0224","3342.3","","3342.3","E","565.2",",E","9.38","E","13.18","E","5.59","E"
"EZE00100082","1955","50.0906","14.4192","191.0","PRAHA KLEMENTINUM, EZ","150.2","","150.2","E","132","E","65","E","0","E","97","E","29","E","92","E","0","E","-13.2","E,0223,","50.3",",E,0713,","30.5","E,0718,","-0.2","E,1030","-5.2","E,1126","-5.2","E,1126","-8.0","E,1213","","","-0.1","E,0419","-3.8","E,0331","-7.9","E,0321","-7.9","E,0321","-10.2","E,0302","3429.5","","3429.5","E","564.0",",E","9.20","E","12.87","E","5.52","E"
"EZE00100082","1956","50.0906","14.4192","191.0","PRAHA KLEMENTINUM, EZ","97.2","","97.2","E","133","E","51","E","6","E","89","E","42","E","93","E","0","E","-24.3","E,0210,","42.9",",E,1028,","30.0","E,0711,","-2.5","E,1031","-2.5","E,1031","-4.7","E,1101","-7.1","E,1121","","","-0.1","E,0422","-3.8","E,0408","-6.2","E,0316","-6.7","E,0313","-15.8","E,0227","3578.3","","3578.3","E","515.9",",E","8.37","E","12.17","E","4.57","E"
"EZE00100082","1957","50.0906","14.4192","191.0","PRAHA KLEMENTINUM, EZ","175.1","","175.1","E","117","E","49","E","0","E","52","E","16","E","82","E","6","E","-12.3","E,0123,","24.8",",E,0809,","37.6","E,0707,","-0.2","E,1121","-5.3","E,1130","-5.3","E,1130","-8.0","E,1216","","","0.0","E,0415","-2.5","E,0304","-4.4","E,0302","-8.1","E,0124","-12.3","E,0123","3143.4","","3143.4","E","408.8",",E","10.07","E","13.91","E","6.23","E"
"EZE00100082","1958","50.0906","14.4192","191.0","PRAHA KLEMENTINUM, EZ","132.3","","132.3","E","143","E","69","E","0","E","76","E","16","E","108","E","2","E","-11.3","E,0129,","44.5",",E,0703,","33.5","E,0716,","-2.7","E,1202","-2.7","E,1202","-6.5","E,1203","-8.9","E,1204","-8.9","E,1204","-1.8","E,0413","-4.3","E,0402","-4.6","E,0323","-7.2","E,0322","-9.4","E,0130","3431.3","","3431.3","E","633.1",",E","9.78","E","13.46","E","6.10","E"
"EZE00100082","1959","50.0906","14.4192","191.0","PRAHA KLEMENTINUM, EZ","170.3","","170.3","E","90","E","39","E","0","E","68","E","20","E","102","E","4","E","-11.6","E,0215,","34.0",",E,0519,","34.4","E,0711,+","-0.1","E,1016","-2.8","E,1124","","","","","","","-0.1","E,0421","-2.9","E,0222","-11.6","E,0215","-11.6","E,0215","-11.6","E,0215","3024.2","","3024.2","E","333.1",",E","10.13","E","14.31","E","5.96","E"
"EZE00100082","1960","50.0906","14.4192","191.0","PRAHA KLEMENTINUM, EZ","108.7","","108.7","E","130","E","56","E","0","E","64","E","19","E","84","E","0","E","-16.8","E,0116,","33.2",",E,0812,","31.5","E,0828,+","-1.9","E,1202","-2.6","E,1224","","","","","","","-0.8","E,0324","-4.7","E,0308","-4.7","E,0308","-11.2","E,0210","-11.2","E,0210","3340.7","","3340.7","E","507.4",",E","9.66","E","13.23","E","6.09","E"
"EZE00100082","1961","50.0906","14.4192","191.0","PRAHA KLEMENTINUM, EZ","113.6","","113.6","E","120","E","51","E","0","E","58","E","28","E","86","E","1","E","-16.7","E,1226,","38.0",",E,0903,","32.7","E,0703,","-0.7","E,1120","-3.7","E,1121","-5.9","E,1122","-7.0","E,1215","-13.5","E,1216","-1.4","E,0322","-2.8","E,0206","-8.5","E,0129","-8.5","E,0129","-12.3","E,0128","2949.5","","2949.5","E","449.4",",E","10.24","E","14.13","E","6.34","E"
"EZE00100082","1962","50.0906","14.4192","191.0","PRAHA KLEMENTINUM, EZ","130.8","","130.8","E","115","E","42","E","0","E","95","E","31","E","88","E","1","E","-14.9","E,1223,","23.0",",E,0722,","33.6","E,0726,","-0.4","E,1023","-2.4","E,1123","-4.7","E,1125","-8.4","E,1203","-9.0","E,1204","-1.9","E,0327","-3.9","E,0326","-5.0","E,0324","-7.1","E,0315","-11.3","E,0201","3443.2","","3443.2","E","387.4",",E","8.68","E","12.54","E","4.82","E"
"EZE00100082","1963","50.0906","14.4192","191.0","PRAHA KLEMENTINUM, EZ","178.8","","178.8","E","125","E","47","E","0","E","105","E","62","E","105","E","4","E","-17.4","E,0205,+","33.5",",E,0615,","33.9","E,0803,","-0.2","E,1029","-4.7","E,1209","-4.7","E,1209","-8.5","E,1213","-10.0","E,1214","-0.6","E,0404","-3.4","E,0324","-5.1","E,0323","-9.9","E,0303","-9.9","E,0303","3869.8","","3869.8","E","449.6",",E","8.72","E","12.77","E","4.67","E"
"EZE00100082","1964","50.0906","14.4192","191.0","PRAHA KLEMENTINUM, EZ","241.8","","241.8","E","122","E","48","E","0","E","84","E","38","E","104","E","5","E","-17.1","E,0119,","19.7",",E,0810,","33.2","E,0613,","-0.4","E,1109","-3.6","E,1222","-6.2","E,1223","","","","","-6.2","E,0319","-6.2","E,0319","-6.2","E,0319","-8.0","E,0318","-9.5","E,0223","3433.4","","3433.4","E","420.3",",E","9.63","E","13.37","E","5.89","E"
"EZE00100082","1965","50.0906","14.4192","191.0","PRAHA KLEMENTINUM, EZ","116.0","","116.0","E","139","E","70","E","0","E","72","E","23","E","65","E","3","E","-9.8","E,0226,","29.0",",E,0808,","34.3","E,0807,","-0.6","E,1022","-2.6","E,1114","-5.5","E,1116","-6.7","E,1124","","","0.0","E,0318","-4.5","E,0313","-4.5","E,0313","-7.0","E,0312","-9.4","E,0309","3370.2","","3370.2","E","598.5",",E","9.19","E","12.59","E","5.78","E"
"EZE00100082","1966","50.0906","14.4192","191.0","PRAHA KLEMENTINUM, EZ","139.1","","139.1","E","131","E","60","E","0","E","50","E","22","E","94","E","0","E","-13.4","E,0116,","40.9",",E,0808,","31.6","E,0813,","-2.1","E,1031","-4.1","E,1114","","","","","","","-1.1","E,0326","-3.3","E,0320","-6.0","E,0126","-7.7","E,0121","-10.7","E,0120","3167.7","","3167.7","E","624.1",",E","10.54","E","13.97","E","7.12","E"
"EZE00100082","1967","50.0906","14.4192","191.0","PRAHA KLEMENTINUM, EZ","206.6","","206.6","E","122","E","46","E","0","E","57","E","16","E","105","E","4","E","-14.0","E,0110,","34.7",",E,0530,","34.4","E,0625,","-0.2","E,1114","-3.9","E,1121","-5.3","E,1210","-7.9","E,1212","","","-0.3","E,0225","-2.6","E,0217","-6.0","E,0215","-8.2","E,0111","-14.0","E,0110","2981.2","","2981.2","E","513.3",",E","10.79","E","14.57","E","7.01","E"
"EZE00100082","1968","50.0906","14.4192","191.0","PRAHA KLEMENTINUM, EZ","148.0","","148.0","E","136","E","61","E","0","E","77","E","27","E","92","E","2","E","-13.2","E,0110,","22.5",",E,0606,","33.1","E,0706,","-0.8","E,1023","-3.1","E,1114","-6.2","E,1210","-9.8","E,1211","-9.8","E,1211","-1.9","E,0413","-2.6","E,0313","-5.1","E,0303","-8.9","E,0227","-8.9","E,0227","3031.2","","3031.2","E","500.5",",E","9.96","E","13.57","E","6.36","E"
"EZE00100082","1969","50.0906","14.4192","191.0","PRAHA KLEMENTINUM, EZ","218.1","","218.1","E","115","E","44","E","1","E","101","E","49","E","97","E","6","E","-20.0","E,1222,","27.0",",E,0807,","33.6","E,0728,","-1.6","E,1107","-4.9","E,1127","-4.9","E,1127","-10.2","E,1202","-10.2","E,1202","-0.2","E,0421","-2.6","E,0322","-5.4","E,0307","-7.9","E,0219","-10.0","E,0218","3375.5","","3375.5","E","395.2",",E","9.41","E","13.24","E","5.57","E"
"EZE00100082","1970","50.0906","14.4192","191.0","PRAHA KLEMENTINUM, EZ","171.8","","171.8","E","143","E","55","E","0","E","76","E","30","E","89","E","1","E","-11.5","E,0202,","39.0",",E,0807,","32.2","E,0729,","-0.8","E,1124","-3.2","E,1223","-4.8","E,1225","-6.8","E,1227","","","-0.9","E,0404","-2.8","E,0316","-6.3","E,0311","-6.9","E,0310","-10.0","E,0216","3537.6","","3537.6","E","527.7",",E","9.54","E","12.99","E","6.10","E"
"EZE00100082","1971","50.0906","14.4192","191.0","PRAHA KLEMENTINUM, EZ","214.8","","214.8","E","101","E","44","E","0","E","59","E","25","E","93","E","5","E","-16.5","E,0107,","45.6",",E,0521,","33.9","E,0727,","0.0","E,1016","-4.0","E,1120","-5.5","E,1121","","","","","-2.6","E,0313","-2.6","E,0313","-5.0","E,0312","-9.2","E,0309","-9.2","E,0309","3231.6","","3231.6","E","445.5",",E","10.05","E","13.84","E","6.27","E"
"EZE00100082","1972","50.0906","14.4192","191.0","PRAHA KLEMENTINUM, EZ","166.7","","166.7","E","118","E","45","E","0","E","63","E","20","E","76","E","2","E","-10.9","E,0116,","26.2",",E,0615,","33.5","E,0814,","-0.1","E,1126","-2.3","E,1217","-4.6","E,1221","-7.3","E,1223","","","-1.6","E,0426","-5.7","E,0312","-5.7","E,0312","-7.6","E,0201","-10.0","E,0130","3083.2","","3083.2","E","405.7",",E","9.87","E","13.32","E","6.42","E"
"EZE00100082","1973","50.0906","14.4192","191.0","PRAHA KLEMENTINUM, EZ","183.2","","183.2","E","105","E","41","E","0","E","64","E","10","E","108","E","0","E","-11.3","E,1203,","24.3",",E,0521,","31.4","E,0806,","-2.3","E,1025","-2.3","E,1025","-5.4","E,1130","-7.7","E,1201","-11.3","E,1203","-0.3","E,0405","-3.2","E,0311","-4.5","E,0228","","","","","3266.5","","3266.5","E","359.9",",E","10.05","E","13.75","E","6.34","E"
"EZE00100082","1974","50.0906","14.4192","191.0","PRAHA KLEMENTINUM, EZ","107.9","","107.9","E","150","E","63","E","0","E","20","E","0","E","83","E","4","E","-2.5","E,1214,","30.1",",E,0818,","34.3","E,0817,","-1.4","E,1107","-2.5","E,1214","","","","","","","-0.6","E,0418","-2.3","E,0122","","","","","","","2970.6","","2970.6","E","546.1",",E","10.77","E","14.26","E","7.28","E"
"EZE00100082","1975","50.0906","14.4192","191.0","PRAHA KLEMENTINUM, EZ","231.8","","231.8","E","99","E","44","E","0","E","47","E","7","E","109","E","0","E","-12.0","E,1219,","42.5",",E,0624,","30.6","E,0810,+","-0.8","E,1116","-3.4","E,1123","-6.0","E,1124","-8.6","E,1125","-12.0","E,1219","-0.3","E,0324","-3.1","E,0301","-5.7","E,0227","-9.7","E,0223","-9.7","E,0223","2986.8","","2986.8","E","452.1",",E","10.72","E","14.34","E","7.09","E"
"EZE00100082","1976","50.0906","14.4192","191.0","PRAHA KLEMENTINUM, EZ","177.4","","177.4","E","106","E","37","E","0","E","69","E","20","E","95","E","4","E","-12.7","E,1231,","19.2",",E,0530,","34.0","E,0717,","-0.2","E,1205","-2.8","E,1215","-6.2","E,1217","-6.7","E,1226","-10.1","E,1230","-0.1","E,0430","-3.3","E,0324","-5.8","E,0323","-7.4","E,0131","-9.8","E,0128","3154.1","","3154.1","E","332.2",",E","10.16","E","13.74","E","6.58","E"
"EZE00100082","1977","50.0906","14.4192","191.0","PRAHA KLEMENTINUM, EZ","116.0","","116.0","E","126","E","47","E","0","E","60","E","12","E","84","E","0","E","-10.6","E,0203,","66.5",",E,0731,","30.7","E,0713,","-1.1","E,1128","-6.1","E,1130","-6.1","E,1130","-7.4","E,1206","","","-0.1","E,0417","-2.7","E,0401","-10.2","E,0204","-10.2","E,0204","-10.2","E,0204","3033.1","","3033.1","E","601.6",",E","10.23","E","13.64","E","6.82","E"
"EZE00100082","1978","50.0906","14.4192","191.0","PRAHA KLEMENTINUM, EZ","80.4","","80.4","E","122","E","57","E","0","E","50","E","15","E","63","E","0","E","-11.4","E,0221,","47.6",",E,0808,","30.1","E,0801,","-0.3","E,1113","-4.7","E,1204","-4.7","E,1204","-7.0","E,1205","-9.9","E,1206","0.0","E,0511","-5.4","E,0222","-5.4","E,0222","-11.4","E,0221","-11.4","E,0221","3178.9","","3178.9","E","460.6",",E","9.55","E","12.80","E","6.30","E"
"EZE00100082","1979","50.0906","14.4192","191.0","PRAHA KLEMENTINUM, EZ","165.0","","165.0","E","122","E","55","E","0","E","65","E","16","E","92","E","0","E","-17.3","E,0101,","62.5",",E,0617,","31.7","E,0601,","-0.1","E,1026","","","","","","","","","0.0","E,0325","-2.4","E,0301","-5.7","E,0228","-7.6","E,0211","-9.8","E,0120","3353.5","","3353.5","E","568.4",",E","9.84","E","13.43","E","6.25","E"
"EZE00100082","1980","50.0906","14.4192","191.0","PRAHA KLEMENTINUM, EZ","84.7","","84.7","E","136","E","59","E","0","E","71","E","29","E","57","E","1","E","-15.6","E,0115,","27.1",",E,0728,","32.4","E,0803,","-0.9","E,1101","-2.4","E,1102","-7.9","E,1201","-7.9","E,1201","-10.5","E,1202","0.0","E,0423","-3.1","E,0321","-6.5","E,0129","-9.4","E,0128","-9.4","E,0128","3354.3","","3354.3","E","521.5",",E","9.01","E","12.30","E","5.71","E"
"EZE00100082","1981","50.0906","14.4192","191.0","PRAHA KLEMENTINUM, EZ","169.0","","169.0","E","141","E","54","E","0","E","73","E","25","E","86","E","0","E","-13.1","E,1221,","90.0",",E,0719,","30.7","E,0603,","-1.0","E,1110","-2.8","E,1212","-5.4","E,1213","-7.4","E,1214","-10.5","E,1218","-0.1","E,0419","-4.9","E,0228","-4.9","E,0228","-9.0","E,0130","-9.0","E,0130","3197.5","","3197.5","E","604.7",",E","10.10","E","13.54","E","6.65","E"
"EZE00100082","1982","50.0906","14.4192","191.0","PRAHA KLEMENTINUM, EZ","236.5","","236.5","E","105","E","36","E","1","E","60","E","22","E","113","E","2","E","-18.5","E,0115,","25.5",",E,0319,","32.7","E,0605,","-1.6","E,1106","","","","","","","","","0.0","E,0324","-3.7","E,0227","-5.8","E,0225","-6.9","E,0221","-10.4","E,0120","3354.0","","3354.0","E","334.4",",E","10.49","E","14.22","E","6.76","E"
"EZE00100082","1983","50.0906","14.4192","191.0","PRAHA KLEMENTINUM, EZ","290.5","","290.5","E","117","E","41","E","0","E","67","E","16","E","106","E","3","E","-14.6","E,0216,","48.5",",E,0802,","37.8","E,0727,","-0.1","E,1024","-2.7","E,1113","-6.7","E,1114","-6.7","E,1114","-9.4","E,1213","-0.5","E,0314","-5.2","E,0226","-5.2","E,0226","-7.8","E,0225","-10.8","E,0223","2757.0","","2757.0","E","438.4",",E","10.93","E","14.65","E","7.21","E"
"EZE00100082","1984","50.0906","14.4192","191.0","PRAHA KLEMENTINUM, EZ","111.4","","111.4","E","","","","","0","E","57","E","12","E","75","E","2","E","-10.3","E,0217,","","","36.0","E,0711,","-0.6","E,1114","-3.9","E,1225","-6.1","E,1231","","","","","-1.7","E,0324","-2.4","E,0322","-4.7","E,0320","-9.8","E,0218","-9.8","E,0218","3244.0","","3244.0","E","","","9.84","E","13.20","E","6.48","E"
"EZE00100082","1985","50.0906","14.4192","191.0","PRAHA KLEMENTINUM, EZ","169.0","","169.0","E","136","E","55","E","5","E","70","E","41","E","92","E","0","E","-20.2","E,0109,+","27.1",",E,0514,","32.0","E,0814,","-1.7","E,1104","-3.9","E,1117","-4.6","E,1118","","","","","-0.6","E,0316","-7.8","E,0223","-7.8","E,0223","-7.8","E,0223","-9.0","E,0218","3398.5","","3398.5","E","460.8",",E","9.45","E","13.00","E","5.91","E"
"EZE00100082","1986","50.0906","14.4192","191.0","PRAHA KLEMENTINUM, EZ","222.1","","222.1","E","128","E","53","E","0","E","72","E","29","E","99","E","2","E","-14.8","E,0227,","30.4",",E,0804,","34.0","E,0804,","-2.2","E,1129","-2.2","E,1129","-5.0","E,1222","-7.1","E,1226","","","-0.9","E,0414","-3.2","E,0413","-9.9","E,0301","-9.9","E,0301","-9.9","E,0301","3159.1","","3159.1","E","438.4",",E","10.14","E","13.96","E","6.33","E"
"EZE00100082","1987","50.0906","14.4192","191.0","PRAHA KLEMENTINUM, EZ","150.0","","150.0","E","140","E","71","E","2","E","77","E","38","E","80","E","0","E","-19.5","E,0114,","27.2",",E,0825,","31.5","E,0630,","-0.1","E,1203","-5.2","E,1208","-5.2","E,1208","-7.0","E,1209","","","-0.2","E,0323","-7.4","E,0315","-7.4","E,0315","-7.4","E,0315","-9.1","E,0313","3480.7","","3480.7","E","591.2",",E","9.40","E","12.85","E","5.95","E"
"EZE00100082","1988","50.0906","14.4192","191.0","PRAHA KLEMENTINUM, EZ","161.4","","161.4","E","133","E","57","E","0","E","49","E","3","E","103","E","2","E","-7.9","E,1123,","28.2",",E,0529,","33.1","E,0723,","-0.4","E,1103","-2.5","E,1104","-4.4","E,1105","-7.9","E,1123","","","-0.5","E,0424","-3.0","E,0310","-4.8","E,0113","","","","","2802.1","","2802.1","E","508.2",",E","10.96","E","14.59","E","7.33","E"
"EZE00100082","1989","50.0906","14.4192","191.0","PRAHA KLEMENTINUM, EZ","200.9","","200.9","E","113","E","52","E","0","E","47","E","11","E","103","E","3","E","-9.0","E,1211,","20.8",",E,0711,","33.5","E,0816,","-0.4","E,1114","-2.2","E,1118","-4.5","E,1125","-6.9","E,1126","-9.0","E,1211","-1.6","E,0222","-2.9","E,0205","","","","","","","2742.7","","2742.7","E","383.8",",E","11.30","E","15.04","E","7.55","E"
"EZE00100082","1990","50.0906","14.4192","191.0","PRAHA KLEMENTINUM, EZ","195.4","","195.4","E","122","E","55","E","0","E","31","E","6","E","99","E","2","E","-11.6","E,0108,","18.4",",E,0423,","33.5","E,0805,","0.0","E,1023","-2.2","E,1201","-7.5","E,1207","-7.5","E,1207","-9.0","E,1208","0.0","E,0303","-7.2","E,0109","-7.2","E,0109","-7.2","E,0109","-11.6","E,0108","2672.6","","2672.6","E","342.5",",E","11.45","E","15.28","E","7.62","E"
"EZE00100082","1991","50.0906","14.4192","191.0","PRAHA KLEMENTINUM, EZ","216.7","","216.7","E","106","E","45","E","0","E","68","E","18","E","91","E","4","E","-14.8","E,0206,","27.6",",E,0617,","34.4","E,0712,","-1.0","E,1026","-7.4","E,1209","-7.4","E,1209","-7.4","E,1209","-11.0","E,1210","-0.2","E,0422","-3.0","E,0222","-5.5","E,0219","-7.0","E,0212","-9.3","E,0207","3145.0","","3145.0","E","376.1",",E","10.20","E","13.86","E","6.55","E"
"EZE00100082","1992","50.0906","14.4192","191.0","PRAHA KLEMENTINUM, EZ","348.0","","348.0","E","104","E","50","E","0","E","34","E","9","E","127","E","8","E","-9.0","E,1229,","49.1",",E,0810,","35.8","E,0809,","-0.6","E,1109","-4.2","E,1224","-6.4","E,1225","-7.6","E,1226","-8.9","E,1227","-0.8","E,0330","-2.8","E,0219","-7.4","E,0122","-7.4","E,0122","","","2835.5","","2835.5","E","438.1",",E","11.61","E","15.41","E","7.80","E"
"EZE00100082","1993","50.0906","14.4192","191.0","PRAHA KLEMENTINUM, EZ","194.7","","194.7","E","127","E","48","E","0","E","70","E","25","E","108","E","0","E","-13.9","E,0201,","29.0",",E,1022,","31.7","E,0804,","0.0","E,1027","-2.4","E,1118","-5.5","E,1119","-7.3","E,1130","","","-1.2","E,0331","-4.3","E,0310","-5.6","E,0305","-9.7","E,0227","-9.7","E,0227","2936.1","","2936.1","E","521.4",",E","10.51","E","14.17","E","6.84","E"
"EZE00100082","1994","50.0906","14.4192","191.0","PRAHA KLEMENTINUM, EZ","340.5","","340.5","E","119","E","55","E","0","E","35","E","8","E","104","E","13","E","-10.9","E,0218,","21.6",",E,0718,","36.0","E,0801,+","-0.1","E,1007","-3.5","E,1216","","","","","","","0.0","E,0223","-3.4","E,0221","-8.2","E,0220","-8.2","E,0220","-10.9","E,0218","2924.5","","2924.5","E","464.7",",E","11.74","E","15.43","E","8.05","E"
"EZE00100082","1995","50.0906","14.4192","191.0","PRAHA KLEMENTINUM, EZ","252.1","","252.1","E","141","E","56","E","0","E","67","E","14","E","91","E","3","E","-11.7","E,1229,","34.8",",E,0722,","35.0","E,0722,","-0.1","E,1103","-4.5","E,1121","-4.5","E,1121","-9.6","E,1228","-9.6","E,1228","-1.7","E,0330","-3.1","E,0314","-4.6","E,0118","-6.8","E,0109","-10.3","E,0105","2811.5","","2811.5","E","499.2",",E","10.65","E","14.31","E","6.98","E"
"EZE00100082","1996","50.0906","14.4192","191.0","PRAHA KLEMENTINUM, EZ","125.3","","125.3","E","119","E","51","E","2","E","91","E","47","E","75","E","0","E","-19.8","E,1229,","51.5",",E,0503,","31.7","E,0608,","-2.0","E,1123","-2.6","E,1215","-8.8","E,1221","-8.8","E,1221","-12.3","E,1222","-0.2","E,0412","-2.9","E,0401","-5.2","E,0312","-12.2","E,0210","-12.2","E,0210","3463.4","","3463.4","E","530.1",",E","8.99","E","12.47","E","5.50","E"
"EZE00100082","1997","50.0906","14.4192","191.0","PRAHA KLEMENTINUM, EZ","234.0","","234.0","E","131","E","51","E","0","E","64","E","20","E","105","E","1","E","-12.7","E,0101,","23.5",",E,0606,","33.2","E,0629,","-0.9","E,1022","-3.9","E,1028","-4.9","E,1029","-9.7","E,1216","-9.7","E,1216","-0.6","E,0421","-3.7","E,0204","-8.1","E,0203","-8.1","E,0203","-9.5","E,0117","3278.1","","3278.1","E","462.1",",E","10.39","E","14.34","E","6.44","E"
"EZE00100082","1998","50.0906","14.4192","191.0","PRAHA KLEMENTINUM, EZ","220.4","","220.4","E","127","E","51","E","0","E","65","E","13","E","92","E","6","E","-13.3","E,0201,","19.6",",E,0607,","36.1","E,0721,","-1.2","E,1113","-6.2","E,1121","-6.2","E,1121","-8.8","E,1122","-9.6","E,1211","-1.3","E,0326","-3.1","E,0312","-7.6","E,0205","-7.6","E,0205","-11.2","E,0202","2773.4","","2773.4","E","433.4",",E","11.04","E","14.86","E","7.22","E"
"EZE00100082","1999","50.0906","14.4192","191.0","PRAHA KLEMENTINUM, EZ","247.0","","247.0","E","118","E","49","E","0","E","59","E","12","E","112","E","2","E","-13.2","E,0131,","31.0",",E,0607,","35.0","E,0705,","0.0","E,1115","-2.3","E,1217","-5.7","E,1222","-7.8","E,1223","","","-1.5","E,0319","-3.1","E,0216","-4.6","E,0215","-6.8","E,0212","-9.1","E,0201","3008.1","","3008.1","E","361.8",",E","11.32","E","14.99","E","7.64","E"
"EZE00100082","2000","50.0906","14.4192","191.0","PRAHA KLEMENTINUM, EZ","262.6","","262.6","E","137","E","49","E","0","E","35","E","9","E","117","E","8","E","-10.5","E,0124,","22.5",",E,0821,","35.6","E,0621,","-3.3","E,1220","-3.3","E,1220","-4.9","E,1221","-7.6","E,1223","","","0.0","E,0320","-4.4","E,0222","-4.4","E,0222","-8.4","E,0126","-10.5","E,0124","2663.7","","2663.7","E","385.9",",E","11.98","E","15.65","E","8.30","E"
"EZE00100082","2001","50.0906","14.4192","191.0","PRAHA KLEMENTINUM, EZ","240.5","","240.5","E","149","E","72","E","0","E","71","E","13","E","99","E","2","E","-10.1","E,1214,","31.2",",E,0831,","32.6","E,0816,+","-3.4","E,1111","-3.4","E,1111","-10.0","E,1213","-10.0","E,1213","-10.0","E,1213","-0.1","E,0329","-4.9","E,0228","-4.9","E,0228","-8.0","E,0225","-8.9","E,0116","2793.2","","2793.2","E","552.0",",E","10.77","E","14.26","E","7.29","E"
"EZE00100082","2002","50.0906","14.4192","191.0","PRAHA KLEMENTINUM, EZ","308.2","","308.2","E","131","E","75","E","0","E","50","E","18","E","116","E","6","E","-12.7","E,0104,","43.5",",E,0812,","34.6","E,0620,","-0.2","E,1106","-2.8","E,1107","-6.1","E,1208","-7.7","E,1209","-9.0","E,1210","0.0","E,0406","-3.6","E,0222","-5.0","E,0114","-11.0","E,0106","-11.0","E,0106","2749.8","","2749.8","E","661.5",",E","11.51","E","15.22","E","7.79","E"
"EZE00100082","2003","50.0906","14.4192","191.0","PRAHA KLEMENTINUM, EZ","415.4","","415.4","E","90","E","32","E","0","E","76","E","23","E","126","E","13","E","-10.4","E,0101,","14.6",",E,0509,","36.8","E,0813,","-1.3","E,1024","-5.0","E,1208","-5.0","E,1208","-9.1","E,1224","-9.1","E,1224","-0.7","E,0412","-2.8","E,0409","-4.7","E,0225","-9.7","E,0218","-9.7","E,0218","3035.6","","3035.6","E","267.1",",E","11.25","E","15.24","E","7.26","E"
"EZE00100082","2004","50.0906","14.4192","191.0","PRAHA KLEMENTINUM, EZ","219.9","","219.9","E","124","E","48","E","0","E","64","E","20","E","110","E","1","E","-14.8","E,0124,","29.5",",E,0602,","32.5","E,0812,","0.0","E,1115","-2.9","E,1126","-5.0","E,1221","","","","","-0.1","E,0310","-5.4","E,0306","-5.4","E,0306","-7.3","E,0126","-13.4","E,0125","2994.8","","2994.8","E","394.2",",E","10.97","E","14.57","E","7.37","E"
